Date,Open,High,Low,Close,Adj Close,Volume,Dividends,Stock Splits
2015-04-27,57.83,58.03,56.88,57.1,49.05,10599600,0.0,0
2015-04-28,57.1,60.48,57.1,59.98,51.52,34731200,0.0,0
2015-04-29,59.33,60.43,59.23,59.68,51.26,17192000,0.0,0
2015-04-30,59.79,60.14,59.24,59.56,51.16,13012400,0.0,0
2015-05-01,59.76,60.38,59.68,59.86,51.42,9357500,0.0,0
2015-05-04,60.14,60.95,60.03,60.64,52.09,9050400,0.0,0
2015-05-05,60.32,60.7,60.06,60.49,51.96,12082100,0.0,0
2015-05-06,60.45,60.59,59.93,60.26,51.76,11570900,0.0,0
2015-05-07,60.05,60.73,59.93,60.3,51.8,9001000,0.0,0
2015-05-08,61.0,61.38,60.7,60.74,52.17,10143400,0.0,0
2015-05-11,60.66,60.69,59.84,60.0,51.54,9718900,0.0,0
2015-05-12,59.55,59.73,59.11,59.44,51.06,13191900,0.0,0
2015-05-13,59.62,59.85,58.97,59.18,50.83,7320900,0.0,0
2015-05-14,59.47,59.89,59.05,59.78,51.35,7127300,0.0,0
2015-05-15,59.94,60.23,59.81,60.23,51.74,7665700,0.0,0
2015-05-18,60.17,60.45,60.01,60.01,51.55,7190400,0.0,0
2015-05-19,59.96,60.92,59.94,60.52,51.98,8128700,0.0,0
2015-05-20,60.67,60.85,60.44,60.46,51.93,6034900,0.0,0
2015-05-21,60.55,60.79,60.09,60.1,51.62,8039000,0.0,0
2015-05-22,60.07,60.07,59.34,59.38,51.0,8990400,0.0,0
2015-05-26,59.28,59.44,58.85,58.97,50.65,10857700,0.0,0
2015-05-27,59.09,59.78,58.87,59.46,51.07,9726700,0.0,0
2015-05-28,59.45,59.85,59.38,59.7,51.28,9530100,0.0,0
2015-05-29,59.88,61.12,59.47,60.89,52.3,20015600,0.0,0
2015-06-01,60.85,61.7,60.34,60.75,52.18,11807400,0.0,0
2015-06-02,60.45,60.46,59.82,60.24,51.74,8993000,0.0,0
2015-06-03,60.66,60.88,60.26,60.39,51.87,8662400,0.0,0
2015-06-04,59.96,60.21,59.27,59.47,51.08,10830300,0.0,0
2015-06-05,59.36,59.41,58.8,58.99,50.67,10881800,0.0,0
2015-06-08,58.89,59.17,58.76,58.87,50.57,8047800,0.0,0
2015-06-09,58.96,59.29,58.71,58.84,50.54,6445200,0.0,0
2015-06-10,58.98,59.66,58.91,59.61,51.2,10223200,0.0,0
2015-06-11,59.2,59.37,58.84,58.91,50.99,11640300,0.45,0
2015-06-12,58.79,58.8,57.79,57.87,50.09,15812300,0.0,0
2015-06-15,57.6,57.64,57.02,57.12,49.44,10106500,0.0,0
2015-06-16,57.24,57.73,56.88,57.71,49.95,6968900,0.0,0
2015-06-17,57.71,58.17,57.47,57.91,50.12,7917300,0.0,0
2015-06-18,57.91,58.87,57.91,58.59,50.71,7440500,0.0,0
2015-06-19,58.41,58.84,57.95,58.04,50.23,12613500,0.0,0
2015-06-22,58.79,59.2,58.43,58.83,50.92,8362500,0.0,0
2015-06-23,58.88,59.05,58.52,59.03,51.09,8371000,0.0,0
2015-06-24,58.92,59.03,58.24,58.24,50.41,7908400,0.0,0
2015-06-25,58.25,58.6,57.72,57.9,50.11,9951200,0.0,0
2015-06-26,58.22,58.53,57.85,58.49,50.62,13083700,0.0,0
2015-06-29,57.93,58.22,57.25,57.29,49.58,9601200,0.0,0
2015-06-30,57.71,57.71,56.71,56.93,49.27,11847300,0.0,0
2015-07-01,56.93,57.87,56.61,57.6,49.85,9380100,0.0,0
2015-07-02,57.94,58.33,57.5,57.67,49.91,8518400,0.0,0
2015-07-06,57.24,57.84,56.64,57.55,49.81,8054100,0.0,0
2015-07-07,57.75,58.1,57.18,57.99,50.19,9034300,0.0,0
2015-07-08,57.73,57.74,57.12,57.35,49.64,9111600,0.0,0
2015-07-09,58.04,58.17,57.35,57.38,49.66,8677800,0.0,0
2015-07-10,58.07,58.25,57.58,57.95,50.16,8047400,0.0,0
2015-07-13,58.25,58.55,57.68,57.87,50.09,9133800,0.0,0
2015-07-14,57.9,58.28,57.68,58.19,50.36,7235100,0.0,0
2015-07-15,58.16,58.56,58.07,58.22,50.39,5748600,0.0,0
2015-07-16,58.51,58.87,58.35,58.82,50.91,5324700,0.0,0
2015-07-17,58.7,58.92,58.59,58.82,50.91,6988900,0.0,0
2015-07-20,58.96,59.2,58.86,59.0,51.06,5697200,0.0,0
2015-07-21,58.99,59.02,58.65,58.67,50.78,6932800,0.0,0
2015-07-22,58.51,59.03,58.01,58.13,50.31,8617800,0.0,0
2015-07-23,58.53,58.53,57.94,58.07,50.26,6441600,0.0,0
2015-07-24,57.71,57.88,57.32,57.41,49.69,7847100,0.0,0
2015-07-27,57.43,57.45,56.63,56.99,49.32,14887000,0.0,0
2015-07-28,56.52,57.64,55.83,57.52,49.78,16387100,0.0,0
2015-07-29,57.69,58.82,57.64,58.54,50.67,12876000,0.0,0
2015-07-30,58.62,58.82,58.28,58.52,50.65,6989500,0.0,0
2015-07-31,59.0,59.33,58.7,58.96,51.03,8752500,0.0,0
2015-08-03,59.3,59.45,58.48,59.05,51.11,6807000,0.0,0
2015-08-04,59.44,59.47,58.37,58.7,50.8,6935800,0.0,0
2015-08-05,59.08,59.28,58.77,59.1,51.15,5702600,0.0,0
2015-08-06,59.16,59.25,58.32,58.43,50.57,7019700,0.0,0
2015-08-07,58.35,58.45,57.67,57.97,50.17,9712400,0.0,0
2015-08-10,58.26,58.61,58.26,58.41,50.55,5052400,0.0,0
2015-08-11,57.93,58.19,57.56,57.76,49.99,7078300,0.0,0
2015-08-12,57.28,58.28,57.12,58.26,50.42,7525300,0.0,0
2015-08-13,58.55,59.45,58.5,58.98,51.05,10957200,0.0,0
2015-08-14,59.01,59.57,58.87,59.18,51.22,9466400,0.0,0
2015-08-17,58.8,59.75,58.58,59.71,51.68,6113700,0.0,0
2015-08-18,59.67,59.95,59.56,59.66,51.64,6797400,0.0,0
2015-08-19,59.32,60.07,59.19,59.66,51.64,7986300,0.0,0
2015-08-20,58.29,58.55,56.74,56.95,49.29,23694400,0.0,0
2015-08-21,56.59,57.63,55.76,55.77,48.27,17632500,0.0,0
2015-08-24,53.07,54.4,45.69,53.99,46.73,24838600,0.0,0
2015-08-25,55.39,55.41,51.0,51.17,44.29,22849800,0.0,0
2015-08-26,53.4,54.61,52.49,54.42,47.1,22891200,0.0,0
2015-08-27,55.28,55.4,53.64,54.95,47.56,16135600,0.0,0
2015-08-28,54.78,55.41,54.59,55.37,47.92,12797000,0.0,0
2015-08-31,55.12,55.3,53.62,53.85,46.61,12917100,0.0,0
2015-09-01,52.66,53.23,52.2,52.53,45.46,15747400,0.0,0
2015-09-02,53.17,53.27,52.35,52.98,45.85,13130800,0.0,0
2015-09-03,53.27,53.55,52.6,52.65,45.57,12149100,0.0,0
2015-09-04,52.1,52.24,51.18,51.59,44.65,14491300,0.0,0
2015-09-08,53.01,53.02,52.2,52.69,45.6,14961100,0.0,0
2015-09-09,53.21,53.33,51.81,51.93,44.95,11116700,0.0,0
2015-09-10,52.02,53.2,51.86,52.72,45.63,14065400,0.0,0
2015-09-11,52.21,52.45,51.71,52.09,45.47,12090800,0.45,0
2015-09-14,52.12,52.73,51.99,52.34,45.69,8791400,0.0,0
2015-09-15,52.78,53.89,52.67,53.55,46.75,11792200,0.0,0
2015-09-16,53.51,53.97,53.32,53.87,47.03,8681400,0.0,0
2015-09-17,53.85,54.5,53.02,53.96,47.1,22799900,0.0,0
2015-09-18,53.68,53.87,51.91,52.13,45.51,28997900,0.0,0
2015-09-21,52.44,52.44,50.69,50.98,44.5,17243300,0.0,0
2015-09-22,50.55,51.0,50.26,50.74,44.29,12795600,0.0,0
2015-09-23,50.74,51.44,50.39,51.03,44.55,10055500,0.0,0
2015-09-24,50.53,50.86,50.22,50.59,44.16,10508300,0.0,0
2015-09-25,50.92,51.32,49.13,49.6,43.3,15322700,0.0,0
2015-09-28,49.3,49.37,48.09,48.42,42.27,20150500,0.0,0
2015-09-29,48.58,49.3,48.2,48.65,42.47,12802900,0.0,0
2015-09-30,49.4,49.54,48.85,49.39,43.11,12679100,0.0,0
2015-10-01,49.35,49.57,48.54,49.37,43.1,14408600,0.0,0
2015-10-02,48.79,50.15,48.35,50.14,43.77,24287900,0.0,0
2015-10-05,51.07,51.32,50.69,51.23,44.72,15881600,0.0,0
2015-10-06,51.39,51.39,49.32,49.8,43.47,16493500,0.0,0
2015-10-07,50.46,51.12,49.77,50.95,44.48,14508200,0.0,0
2015-10-08,50.66,51.19,50.14,51.02,44.54,12542000,0.0,0
2015-10-09,50.99,51.51,50.69,50.95,44.48,10921400,0.0,0
2015-10-12,49.71,50.85,49.69,50.71,44.27,11653300,0.0,0
2015-10-13,50.78,50.91,49.36,49.47,43.18,14905900,0.0,0
2015-10-14,49.59,50.12,49.45,49.54,43.25,13731200,0.0,0
2015-10-15,49.67,51.08,49.25,50.72,44.28,14037500,0.0,0
2015-10-16,51.3,51.72,51.08,51.48,44.94,11092500,0.0,0
2015-10-19,51.33,51.55,50.93,51.4,44.87,8441900,0.0,0
2015-10-20,51.39,51.47,50.1,50.39,43.99,9944900,0.0,0
2015-10-21,50.75,50.98,50.15,50.59,44.16,11269900,0.0,0
2015-10-22,50.82,52.56,50.3,52.01,45.4,18449600,0.0,0
2015-10-23,52.35,53.25,52.14,52.88,46.16,15703500,0.0,0
2015-10-26,52.65,53.17,52.47,52.91,46.19,10975200,0.0,0
2015-10-27,53.76,54.1,52.78,53.47,46.68,13956900,0.0,0
2015-10-28,53.99,55.14,53.55,55.1,48.1,14710000,0.0,0
2015-10-29,54.96,55.64,54.47,54.87,47.9,8907300,0.0,0
2015-10-30,54.79,55.27,54.66,54.66,47.72,11017400,0.0,0
2015-11-02,54.69,55.33,54.41,55.11,48.11,10559100,0.0,0
2015-11-03,55.08,55.38,54.48,55.11,48.11,9216200,0.0,0
2015-11-04,55.47,55.77,55.18,55.53,48.47,7749200,0.0,0
2015-11-05,55.46,55.68,54.68,55.05,48.06,9046800,0.0,0
2015-11-06,54.79,54.88,54.01,54.61,47.67,10723000,0.0,0
2015-11-09,54.03,54.41,53.74,54.24,47.35,9140200,0.0,0
2015-11-10,54.38,54.6,54.02,54.43,47.51,7462300,0.0,0
2015-11-11,54.81,55.0,53.68,53.72,46.89,8544600,0.0,0
2015-11-12,53.59,53.97,53.03,53.03,46.29,8577500,0.0,0
2015-11-13,53.46,53.72,52.9,53.03,46.29,11394500,0.0,0
2015-11-16,52.19,53.81,52.13,53.7,46.88,6907800,0.0,0
2015-11-17,53.71,54.3,53.29,53.71,46.89,7126600,0.0,0
2015-11-18,53.86,54.32,53.7,54.23,47.34,10811400,0.0,0
2015-11-19,54.44,54.53,53.92,54.28,47.38,6839200,0.0,0
2015-11-20,54.61,54.86,54.0,54.1,47.23,8933300,0.0,0
2015-11-23,54.08,54.2,53.78,54.01,47.15,8688100,0.0,0
2015-11-24,53.56,53.68,53.1,53.48,46.69,10507200,0.0,0
2015-11-25,53.62,53.92,53.46,53.72,46.89,6078900,0.0,0
2015-11-27,53.36,54.2,53.36,53.96,47.1,2981600,0.0,0
2015-11-30,54.04,54.11,53.0,53.01,46.27,13363200,0.0,0
2015-12-01,53.77,54.64,53.44,54.57,47.64,12996800,0.0,0
2015-12-02,54.66,54.99,53.75,53.82,46.98,10099300,0.0,0
2015-12-03,54.07,54.09,52.24,52.59,45.91,13595100,0.0,0
2015-12-04,52.87,53.68,52.83,53.64,46.82,13687000,0.0,0
2015-12-07,54.02,54.23,53.18,53.68,46.86,8696000,0.0,0
2015-12-08,53.57,54.4,53.22,53.47,46.68,7573200,0.0,0
2015-12-09,53.28,53.61,52.52,52.82,46.11,10357200,0.0,0
2015-12-10,53.02,53.98,52.82,53.69,46.87,11451900,0.0,0
2015-12-11,53.0,53.28,52.02,52.15,45.92,10397900,0.46,0
2015-12-14,52.15,52.36,51.65,52.2,45.96,11999200,0.0,0
2015-12-15,52.48,53.19,52.23,52.9,46.58,11585900,0.0,0
2015-12-16,53.42,54.11,53.0,54.02,47.56,10014300,0.0,0
2015-12-17,54.11,54.25,52.66,52.66,46.37,13517100,0.0,0
2015-12-18,52.15,52.32,51.61,51.64,45.47,21101800,0.0,0
2015-12-21,52.15,52.15,51.2,51.87,45.67,11636100,0.0,0
2015-12-22,52.01,52.23,51.28,52.1,45.87,13196900,0.0,0
2015-12-23,52.38,53.22,52.36,52.98,46.65,7127400,0.0,0
2015-12-24,52.79,53.13,52.61,52.85,46.53,2980100,0.0,0
2015-12-28,52.79,53.04,52.57,52.84,46.52,4836300,0.0,0
2015-12-29,52.97,53.61,52.91,53.34,46.97,6608500,0.0,0
2015-12-30,53.34,53.58,53.08,53.25,46.89,5560300,0.0,0
2015-12-31,52.8,53.29,52.66,52.82,46.51,8292900,0.0,0
2016-01-04,52.01,52.61,51.61,52.48,46.21,17174600,0.0,0
2016-01-05,52.79,53.47,52.67,53.15,46.8,11075500,0.0,0
2016-01-06,52.51,52.95,52.21,52.42,46.16,12465900,0.0,0
2016-01-07,51.52,52.32,51.44,51.96,45.75,12720000,0.0,0
2016-01-08,52.51,52.52,50.86,51.08,44.98,14156200,0.0,0
2016-01-11,51.25,51.54,50.61,51.25,45.12,14367400,0.0,0
2016-01-12,51.51,52.07,50.98,51.76,45.57,11321000,0.0,0
2016-01-13,51.91,52.06,50.58,50.66,44.61,16546600,0.0,0
2016-01-14,50.67,52.11,50.59,51.8,45.61,13568500,0.0,0
2016-01-15,50.5,51.3,50.1,51.14,45.03,15490400,0.0,0
2016-01-19,51.6,51.91,50.81,51.34,45.2,10929500,0.0,0
2016-01-20,50.29,51.02,49.3,50.55,44.51,15920400,0.0,0
2016-01-21,50.78,51.32,50.09,50.92,44.83,11927200,0.0,0
2016-01-22,51.44,51.74,50.95,51.35,45.21,10812800,0.0,0
2016-01-25,51.35,51.44,50.76,50.92,44.83,9280500,0.0,0
2016-01-26,51.05,51.6,50.76,51.45,45.3,9017500,0.0,0
2016-01-27,50.66,51.57,49.83,50.37,44.35,13119100,0.0,0
2016-01-28,50.33,50.54,48.98,49.2,43.32,18126900,0.0,0
2016-01-29,49.8,50.67,49.58,50.67,44.61,16922700,0.0,0
2016-02-01,50.39,50.98,49.84,50.75,44.68,11431200,0.0,0
2016-02-02,50.27,50.51,49.9,50.41,44.39,14899300,0.0,0
2016-02-03,49.62,50.11,48.58,50.05,44.07,19568600,0.0,0
2016-02-04,49.7,49.74,48.03,48.59,42.78,20609200,0.0,0
2016-02-05,48.6,49.72,48.27,49.38,43.48,16883000,0.0,0
2016-02-08,48.93,49.33,47.97,48.83,42.99,13345100,0.0,0
2016-02-09,48.69,49.57,48.4,49.16,43.28,10649100,0.0,0
2016-02-10,49.51,50.41,49.49,49.53,43.61,11036100,0.0,0
2016-02-11,48.81,49.39,48.51,48.85,43.01,11088400,0.0,0
2016-02-12,48.98,49.11,48.28,49.03,43.17,13598300,0.0,0
2016-02-16,49.4,49.99,49.24,49.78,43.83,11416200,0.0,0
2016-02-17,50.0,50.65,49.96,50.6,44.55,9323300,0.0,0
2016-02-18,50.6,50.99,50.25,50.32,44.31,9612900,0.0,0
2016-02-19,50.25,50.4,49.87,50.12,44.13,8964200,0.0,0
2016-02-22,50.28,50.78,50.13,50.77,44.7,7770300,0.0,0
2016-02-23,50.56,50.94,50.43,50.54,44.5,7899500,0.0,0
2016-02-24,50.16,50.62,49.63,50.56,44.52,7572700,0.0,0
2016-02-25,50.56,51.0,50.39,51.0,44.9,8693700,0.0,0
2016-02-26,51.05,51.13,50.63,50.64,44.59,9251300,0.0,0
2016-02-29,50.52,50.83,50.15,50.21,44.21,12888700,0.0,0
2016-03-01,50.39,51.94,50.09,51.75,45.57,12105700,0.0,0
2016-03-02,51.63,52.44,51.52,52.27,46.02,11974100,0.0,0
2016-03-03,52.18,52.32,51.15,52.1,45.87,9808800,0.0,0
2016-03-04,51.85,52.29,51.5,52.08,45.86,9085800,0.0,0
2016-03-07,51.84,52.93,51.75,52.64,46.35,7466300,0.0,0
2016-03-08,52.36,52.93,52.29,52.45,46.18,8269000,0.0,0
2016-03-09,52.58,52.89,52.1,52.36,46.1,9150600,0.0,0
2016-03-10,52.69,53.24,52.43,53.04,46.7,12267500,0.0,0
2016-03-11,53.02,53.46,52.78,53.2,47.25,15532400,0.46,0
2016-03-14,53.15,53.32,52.84,53.08,47.15,6532900,0.0,0
2016-03-15,52.48,52.64,51.95,52.42,46.56,9060700,0.0,0
2016-03-16,52.31,52.31,51.56,51.94,46.13,9981300,0.0,0
2016-03-17,51.93,51.97,51.33,51.53,45.77,9578400,0.0,0
2016-03-18,51.74,52.42,51.59,52.25,46.41,14424300,0.0,0
2016-03-21,52.33,52.83,52.1,52.8,46.9,7647100,0.0,0
2016-03-22,52.58,53.46,52.55,53.03,47.1,9302300,0.0,0
2016-03-23,53.6,53.6,52.85,53.08,47.15,9947500,0.0,0
2016-03-24,52.79,53.35,52.59,53.07,47.14,7566200,0.0,0
2016-03-28,53.12,53.29,52.65,52.83,46.92,6046800,0.0,0
2016-03-29,52.91,53.41,52.57,53.32,47.36,7376700,0.0,0
2016-03-30,53.48,53.55,53.11,53.22,47.27,6403900,0.0,0
2016-03-31,53.08,53.48,52.76,52.91,46.99,8335000,0.0,0
2016-04-01,52.5,53.79,52.44,53.7,47.7,8683100,0.0,0
2016-04-04,53.91,54.63,53.75,54.4,48.32,10249600,0.0,0
2016-04-05,54.09,54.72,53.99,54.24,48.18,9000800,0.0,0
2016-04-06,54.35,55.79,54.26,55.63,49.41,12480400,0.0,0
2016-04-07,55.34,55.78,55.05,55.42,49.22,10536800,0.0,0
2016-04-08,55.75,55.91,55.1,55.36,49.17,6987400,0.0,0
2016-04-11,55.37,55.74,54.98,55.05,48.89,7065600,0.0,0
2016-04-12,54.97,55.75,54.94,55.34,49.15,5937000,0.0,0
2016-04-13,55.46,55.99,55.27,55.96,49.7,8444500,0.0,0
2016-04-14,56.02,56.6,55.94,56.45,50.14,8356700,0.0,0
2016-04-15,56.53,56.55,55.88,56.14,49.86,8434400,0.0,0
2016-04-18,56.14,56.83,55.92,56.51,50.19,7794200,0.0,0
2016-04-19,56.73,57.38,56.22,56.86,50.5,7644200,0.0,0
2016-04-20,57.15,57.4,56.44,56.58,50.25,8520900,0.0,0
2016-04-21,56.34,57.03,56.31,56.6,50.27,10535300,0.0,0
2016-04-22,56.69,57.03,56.51,56.74,50.4,7093500,0.0,0
2016-04-25,56.48,56.64,56.0,56.22,49.93,8280200,0.0,0
2016-04-26,56.41,56.42,55.87,56.04,49.77,7226600,0.0,0
2016-04-27,56.06,56.62,56.06,56.31,50.01,6941400,0.0,0
2016-04-28,55.89,56.23,55.55,55.74,49.51,9094700,0.0,0
2016-04-29,55.64,55.64,54.56,54.84,48.71,13228000,0.0,0
2016-05-02,54.85,55.36,54.7,55.3,49.12,9678900,0.0,0
2016-05-03,55.14,55.45,54.85,55.08,48.92,7601200,0.0,0
2016-05-04,54.71,55.04,54.47,54.81,48.68,7706000,0.0,0
2016-05-05,54.28,54.4,53.34,54.09,48.04,11225200,0.0,0
2016-05-06,53.82,53.97,53.06,53.6,47.61,10526300,0.0,0
2016-05-09,53.57,54.33,53.51,54.1,48.05,7975400,0.0,0
2016-05-10,54.47,54.73,54.39,54.68,48.57,6486200,0.0,0
2016-05-11,54.7,54.79,54.26,54.31,48.24,6572900,0.0,0
2016-05-12,54.59,54.62,53.93,54.12,48.07,8244300,0.0,0
2016-05-13,54.1,54.51,53.83,53.88,47.86,7125200,0.0,0
2016-05-16,53.77,54.77,53.59,54.65,48.54,6649100,0.0,0
2016-05-17,54.41,54.57,53.98,54.32,48.25,11794000,0.0,0
2016-05-18,54.39,54.95,54.17,54.67,48.56,7391200,0.0,0
2016-05-19,54.16,54.98,54.08,54.58,48.48,8733900,0.0,0
2016-05-20,54.83,55.54,54.63,55.11,48.95,8633100,0.0,0
2016-05-23,55.0,55.23,54.78,54.92,48.78,5570300,0.0,0
2016-05-24,55.23,55.89,55.18,55.6,49.38,6311200,0.0,0
2016-05-25,55.81,56.67,55.77,56.57,50.24,9592200,0.0,0
2016-05-26,56.47,56.72,56.34,56.39,50.09,5720500,0.0,0
2016-05-27,56.5,56.84,56.23,56.48,50.17,7508800,0.0,0
2016-05-31,56.49,56.72,56.08,56.26,49.97,9468500,0.0,0
2016-06-01,56.2,56.52,55.95,56.33,50.03,6691000,0.0,0
2016-06-02,56.44,56.86,56.36,56.82,50.47,7295500,0.0,0
2016-06-03,56.84,56.96,56.28,56.64,50.31,5436900,0.0,0
2016-06-06,56.66,57.37,56.65,57.17,50.78,6904000,0.0,0
2016-06-07,57.2,57.44,56.92,57.0,50.63,6252400,0.0,0
2016-06-08,56.97,57.87,56.97,57.62,51.18,7790100,0.0,0
2016-06-09,57.51,57.82,56.93,57.18,50.79,9227700,0.0,0
2016-06-10,56.82,57.08,56.57,56.81,50.46,9531700,0.0,0
2016-06-13,56.18,56.68,56.09,56.11,50.24,6204800,0.46,0
2016-06-14,55.77,56.31,55.62,56.25,50.37,8594200,0.0,0
2016-06-15,56.41,56.52,55.95,56.09,50.23,7648800,0.0,0
2016-06-16,56.99,57.67,56.13,57.5,51.49,22052200,0.0,0
2016-06-17,57.43,57.43,55.7,55.89,50.05,17484400,0.0,0
2016-06-20,56.34,56.6,56.12,56.14,50.27,8698700,0.0,0
2016-06-21,56.54,56.67,56.24,56.25,50.37,6403000,0.0,0
2016-06-22,56.14,57.27,56.1,57.04,51.08,12477500,0.0,0
2016-06-23,57.48,57.68,57.11,57.68,51.65,6968400,0.0,0
2016-06-24,56.04,57.07,55.77,55.88,50.04,17258600,0.0,0
2016-06-27,55.49,55.68,55.1,55.31,49.53,13093300,0.0,0
2016-06-28,55.44,55.67,55.11,55.58,49.77,12760100,0.0,0
2016-06-29,56.14,57.14,55.98,57.05,51.08,9813800,0.0,0
2016-06-30,57.15,57.68,56.91,57.61,51.59,9277700,0.0,0
2016-07-01,57.54,58.0,57.42,57.94,51.88,7868300,0.0,0
2016-07-05,57.78,58.17,57.78,58.0,51.94,7394100,0.0,0
2016-07-06,58.27,59.27,58.07,59.16,52.97,14327700,0.0,0
2016-07-07,58.89,59.02,58.29,58.78,52.63,9351900,0.0,0
2016-07-08,58.98,59.57,58.8,59.35,53.14,9479400,0.0,0
2016-07-11,59.26,59.75,59.2,59.34,53.14,7336700,0.0,0
2016-07-12,59.27,59.79,59.08,59.6,53.37,8401300,0.0,0
2016-07-13,59.78,59.95,59.48,59.55,53.32,6793200,0.0,0
2016-07-14,59.87,59.93,59.48,59.65,53.41,7345500,0.0,0
2016-07-15,59.8,59.93,59.25,59.63,53.4,8162700,0.0,0
2016-07-18,59.0,59.49,58.72,59.02,52.85,8769200,0.0,0
2016-07-19,59.08,59.5,58.56,58.66,52.53,8881300,0.0,0
2016-07-20,59.0,59.12,58.76,58.79,52.64,6476000,0.0,0
2016-07-21,59.0,59.11,58.56,58.79,52.64,6047100,0.0,0
2016-07-22,58.99,59.08,58.55,58.82,52.67,6269500,0.0,0
2016-07-25,58.63,58.88,57.98,58.56,52.44,8037200,0.0,0
2016-07-26,58.7,58.81,58.14,58.36,52.26,7150800,0.0,0
2016-07-27,58.39,58.72,57.93,58.6,52.47,7888800,0.0,0
2016-07-28,58.52,58.59,58.11,58.43,52.32,7289700,0.0,0
2016-07-29,59.01,59.2,58.27,58.66,52.53,8491200,0.0,0
2016-08-01,58.83,59.0,58.5,58.66,52.53,8871200,0.0,0
2016-08-02,58.68,58.73,58.25,58.33,52.23,6826300,0.0,0
2016-08-03,58.17,58.3,57.18,57.65,51.62,9637300,0.0,0
2016-08-04,57.74,58.23,57.74,57.84,51.79,5541400,0.0,0
2016-08-05,57.84,64.0,57.84,63.86,57.18,72876000,0.0,0
2016-08-08,62.66,63.02,61.95,62.86,56.29,25045900,0.0,0
2016-08-09,62.86,63.14,62.43,62.49,55.96,12234400,0.0,0
2016-08-10,62.09,63.1,62.07,62.64,56.09,8835400,0.0,0
2016-08-11,62.61,63.73,62.48,63.63,56.98,10365000,0.0,0
2016-08-12,63.14,63.45,62.93,63.35,56.73,6244300,0.0,0
2016-08-15,63.35,63.75,63.21,63.32,56.7,6650100,0.0,0
2016-08-16,63.0,63.32,62.84,63.04,56.45,5680100,0.0,0
2016-08-17,63.03,63.43,62.6,63.29,56.67,8271500,0.0,0
2016-08-18,63.08,63.64,63.08,63.63,56.98,6926600,0.0,0
2016-08-19,63.18,63.44,62.87,63.36,56.74,8480000,0.0,0
2016-08-22,63.25,63.64,63.08,63.55,56.91,6447200,0.0,0
2016-08-23,63.71,63.88,63.37,63.58,56.93,5798400,0.0,0
2016-08-24,63.6,63.78,62.51,62.73,56.17,7482900,0.0,0
2016-08-25,62.86,63.1,62.27,62.32,55.8,7947700,0.0,0
2016-08-26,62.48,62.99,62.18,62.85,56.28,7793800,0.0,0
2016-08-29,62.92,63.29,62.64,63.01,56.42,5575800,0.0,0
2016-08-30,62.96,63.03,62.51,62.71,56.15,6178000,0.0,0
2016-08-31,63.08,63.12,62.42,62.79,56.22,8860500,0.0,0
2016-09-01,62.7,62.98,62.39,62.9,56.32,6544700,0.0,0
2016-09-02,62.59,63.27,62.59,62.98,56.39,7613200,0.0,0
2016-09-06,62.99,63.47,62.77,63.24,56.63,7930300,0.0,0
2016-09-07,63.31,63.49,62.6,62.87,56.3,8668100,0.0,0
2016-09-08,62.45,63.29,62.33,63.24,56.63,9186300,0.0,0
2016-09-09,62.69,62.71,62.32,62.49,55.96,12587500,0.0,0
2016-09-12,62.0,63.49,61.91,63.19,56.58,10629500,0.0,0
2016-09-13,62.37,62.78,61.37,61.81,55.75,10223400,0.46,0
2016-09-14,61.92,62.34,61.3,61.35,55.34,10421800,0.0,0
2016-09-15,61.24,62.61,61.12,62.38,56.27,8997800,0.0,0
2016-09-16,62.45,62.62,62.06,62.28,56.18,12432300,0.0,0
2016-09-19,62.54,62.54,61.32,61.33,55.32,11287700,0.0,0
2016-09-20,61.9,62.41,61.69,61.94,55.87,9211600,0.0,0
2016-09-21,62.26,62.82,61.86,62.7,56.56,7219000,0.0,0
2016-09-22,62.92,63.47,62.83,63.02,56.84,8447800,0.0,0
2016-09-23,62.87,63.25,62.7,62.96,56.79,7679800,0.0,0
2016-09-26,62.53,62.58,61.88,62.15,56.06,6983800,0.0,0
2016-09-27,62.31,62.7,61.83,62.57,56.44,7340800,0.0,0
2016-09-28,63.0,63.48,62.5,63.3,57.1,11795000,0.0,0
2016-09-29,63.02,63.02,61.56,61.91,55.84,10930000,0.0,0
2016-09-30,61.89,62.73,61.86,62.41,56.29,13605300,0.0,0
2016-10-03,62.22,62.57,61.67,62.52,56.39,7520100,0.0,0
2016-10-04,62.48,62.95,61.94,62.46,56.34,7897400,0.0,0
2016-10-05,62.7,63.04,62.48,62.8,56.65,7871300,0.0,0
2016-10-06,62.49,62.69,61.74,62.66,56.52,11430500,0.0,0
2016-10-07,62.77,62.99,62.03,62.77,56.62,10775200,0.0,0
2016-10-10,64.21,64.86,63.44,63.9,57.64,20345900,0.0,0
2016-10-11,63.53,63.55,61.75,61.93,55.86,13955400,0.0,0
2016-10-12,62.4,62.63,61.58,61.66,55.62,10121900,0.0,0
2016-10-13,62.25,62.95,61.94,62.51,56.38,14541500,0.0,0
2016-10-14,62.72,62.86,62.13,62.14,56.05,12204200,0.0,0
2016-10-17,62.05,62.05,60.8,61.52,55.49,13054600,0.0,0
2016-10-18,61.9,62.62,61.83,62.09,56.01,9988000,0.0,0
2016-10-19,62.13,62.3,61.81,61.87,55.81,5582700,0.0,0
2016-10-20,61.95,62.27,61.69,61.92,55.85,6323400,0.0,0
2016-10-21,61.55,61.9,61.03,61.2,55.2,7406700,0.0,0
2016-10-24,61.4,61.48,60.64,60.75,54.8,9943000,0.0,0
2016-10-25,60.27,62.19,59.55,61.95,55.88,15188500,0.0,0
2016-10-26,61.74,61.85,60.55,60.87,54.91,9957800,0.0,0
2016-10-27,61.15,62.06,61.0,61.29,55.28,10350700,0.0,0
2016-10-28,61.02,61.07,58.45,58.84,53.07,20358400,0.0,0
2016-10-31,59.09,59.15,58.37,58.72,52.97,14254800,0.0,0
2016-11-01,59.0,59.59,58.51,59.3,53.49,14347400,0.0,0
2016-11-02,59.06,59.51,58.75,58.84,53.07,10724700,0.0,0
2016-11-03,59.18,59.22,58.29,58.43,52.7,11323000,0.0,0
2016-11-04,58.69,59.27,58.61,58.82,53.06,11318600,0.0,0
2016-11-07,59.52,60.21,59.48,60.05,54.17,10478300,0.0,0
2016-11-08,59.82,60.78,59.52,60.51,54.58,7942100,0.0,0
2016-11-09,63.96,65.0,62.76,64.18,57.89,27851100,0.0,0
2016-11-10,64.54,65.46,64.52,64.96,58.59,17862300,0.0,0
2016-11-11,64.08,64.51,63.58,63.95,57.68,14059700,0.0,0
2016-11-14,64.0,64.09,63.24,63.53,57.3,10124500,0.0,0
2016-11-15,63.68,63.73,63.08,63.65,57.41,7290400,0.0,0
2016-11-16,63.7,63.95,62.45,62.63,56.49,10780200,0.0,0
2016-11-17,62.51,62.79,62.12,62.7,56.56,8361300,0.0,0
2016-11-18,62.57,62.62,61.73,61.87,55.81,7696900,0.0,0
2016-11-21,61.94,62.39,61.72,62.3,56.2,6836700,0.0,0
2016-11-22,62.5,62.65,61.21,61.7,55.65,9592200,0.0,0
2016-11-23,60.33,61.7,59.82,61.64,55.6,9149000,0.0,0
2016-11-25,61.82,62.4,61.75,62.21,56.11,3501300,0.0,0
2016-11-28,61.78,62.06,61.62,61.8,55.74,7449400,0.0,0
2016-11-29,61.95,62.46,61.92,62.19,56.1,10034900,0.0,0
2016-11-30,62.31,62.32,60.99,61.19,55.19,12530700,0.0,0
2016-12-01,61.3,61.37,60.65,60.76,54.81,8398900,0.0,0
2016-12-02,61.05,61.52,60.63,61.13,55.14,7993100,0.0,0
2016-12-05,61.52,61.53,59.84,60.25,54.35,12985200,0.0,0
2016-12-06,60.18,60.39,59.61,60.28,54.37,10659600,0.0,0
2016-12-07,59.7,60.06,58.62,60.06,54.17,14049600,0.0,0
2016-12-08,59.73,60.36,59.5,60.12,54.23,8586600,0.0,0
2016-12-09,60.49,61.51,60.4,61.23,55.23,10516400,0.0,0
2016-12-12,61.44,62.1,61.3,61.72,55.67,8246000,0.0,0
2016-12-13,61.8,61.96,61.25,61.79,56.16,7842200,0.47,0
2016-12-14,61.85,62.76,61.59,61.8,56.17,11080700,0.0,0
2016-12-15,62.0,62.64,61.84,62.37,56.69,8509400,0.0,0
2016-12-16,62.66,63.03,62.05,62.44,56.75,17563700,0.0,0
2016-12-19,61.8,62.27,60.87,61.14,55.57,11939000,0.0,0
2016-12-20,61.19,61.68,60.37,60.5,54.99,10377100,0.0,0
2016-12-21,60.59,60.81,59.34,59.43,54.02,12052200,0.0,0
2016-12-22,59.62,60.0,59.16,59.58,54.15,10100000,0.0,0
2016-12-23,59.77,59.86,59.25,59.56,54.14,7591500,0.0,0
2016-12-27,59.87,60.14,59.56,59.79,54.34,5815600,0.0,0
2016-12-28,59.72,59.86,59.21,59.27,53.87,6174600,0.0,0
2016-12-29,59.29,59.59,58.98,59.04,53.66,6520100,0.0,0
2016-12-30,58.78,58.95,58.56,58.87,53.51,10772600,0.0,0
2017-01-03,59.15,60.38,59.05,60.15,54.67,11988700,0.0,0
2017-01-04,60.5,60.79,60.04,60.13,54.65,9411900,0.0,0
2017-01-05,60.22,60.58,60.0,60.11,54.64,10096800,0.0,0
2017-01-06,60.09,60.46,59.53,60.27,54.78,10238600,0.0,0
2017-01-09,60.3,61.48,60.08,61.1,55.54,9734600,0.0,0
2017-01-10,61.2,61.24,59.89,59.92,54.46,15302200,0.0,0
2017-01-11,62.34,63.16,60.75,61.63,56.02,32711700,0.0,0
2017-01-12,62.53,63.24,62.12,62.21,56.54,24885400,0.0,0
2017-01-13,62.33,62.68,62.1,62.34,56.66,9969100,0.0,0
2017-01-17,61.92,62.07,61.2,61.48,55.88,10592700,0.0,0
2017-01-18,61.38,61.78,61.08,61.17,55.6,8131700,0.0,0
2017-01-19,61.05,61.08,60.07,60.33,54.84,11397900,0.0,0
2017-01-20,62.4,62.92,62.15,62.53,56.84,25240300,0.0,0
2017-01-23,61.81,62.4,61.63,61.81,56.18,10201700,0.0,0
2017-01-24,61.59,61.69,60.73,61.21,55.64,10487500,0.0,0
2017-01-25,61.32,61.38,60.76,61.08,55.52,14557000,0.0,0
2017-01-26,61.02,61.36,60.54,61.2,55.63,12707500,0.0,0
2017-01-27,61.38,61.99,61.3,61.75,56.13,6653200,0.0,0
2017-01-30,61.52,61.71,60.93,61.43,55.84,7853600,0.0,0
2017-01-31,61.06,62.24,60.92,61.99,56.34,9821100,0.0,0
2017-02-01,62.06,62.27,61.56,62.1,56.44,11018800,0.0,0
2017-02-02,62.64,64.21,62.53,64.18,58.34,18990200,0.0,0
2017-02-03,63.86,64.33,63.27,64.29,58.44,11650500,0.0,0
2017-02-06,63.92,64.95,63.9,64.94,59.03,9158800,0.0,0
2017-02-07,64.76,64.93,64.05,64.2,58.35,8435300,0.0,0
2017-02-08,63.9,64.48,63.83,64.32,58.46,5906800,0.0,0
2017-02-09,64.32,64.82,64.3,64.39,58.53,7052900,0.0,0
2017-02-10,64.32,64.57,63.96,64.15,58.31,8531400,0.0,0
2017-02-13,64.25,64.83,64.22,64.77,58.87,7151100,0.0,0
2017-02-14,64.64,65.72,64.43,65.66,59.68,10142700,0.0,0
2017-02-15,64.9,65.87,64.85,65.16,59.23,17807300,0.0,0
2017-02-16,65.14,65.41,64.46,65.26,59.32,12346300,0.0,0
2017-02-17,65.2,65.56,64.86,65.39,59.43,9048300,0.0,0
2017-02-21,64.9,65.78,64.9,65.48,59.52,7386100,0.0,0
2017-02-22,65.5,65.75,65.09,65.29,59.34,8679600,0.0,0
2017-02-23,65.52,66.11,65.35,65.85,59.85,6855600,0.0,0
2017-02-24,65.65,66.16,65.63,66.16,60.13,8444300,0.0,0
2017-02-27,65.78,65.94,65.56,65.85,59.85,7133800,0.0,0
2017-02-28,65.81,66.15,65.65,65.87,59.87,7740500,0.0,0
2017-03-01,66.07,66.8,65.89,66.21,60.18,10680700,0.0,0
2017-03-02,66.38,66.58,66.0,66.08,60.06,8647700,0.0,0
2017-03-03,66.08,66.62,65.81,66.58,60.52,8316900,0.0,0
2017-03-06,66.08,66.78,65.9,66.47,60.42,8687500,0.0,0
2017-03-07,65.43,66.31,65.19,65.96,59.95,8328700,0.0,0
2017-03-08,65.96,66.12,65.27,65.8,59.81,8417600,0.0,0
2017-03-09,65.97,66.03,65.52,65.89,59.89,7735000,0.0,0
2017-03-10,66.07,66.2,65.5,65.6,59.63,8823900,0.0,0
2017-03-13,65.24,65.29,64.01,64.15,58.73,14198600,0.47,0
2017-03-14,64.13,64.51,64.05,64.2,58.77,7892900,0.0,0
2017-03-15,64.4,64.97,64.22,64.7,59.23,9025000,0.0,0
2017-03-16,64.57,64.79,63.99,64.18,58.76,9613200,0.0,0
2017-03-17,64.25,64.7,63.89,63.9,58.5,14449200,0.0,0
2017-03-20,64.14,64.3,64.0,64.11,58.69,12971200,0.0,0
2017-03-21,64.32,64.61,63.62,63.91,58.51,10550700,0.0,0
2017-03-22,63.98,64.11,63.25,63.5,58.13,9549000,0.0,0
2017-03-23,63.36,63.82,63.19,63.28,57.93,9461000,0.0,0
2017-03-24,63.16,63.53,62.86,63.18,57.84,9136500,0.0,0
2017-03-27,62.92,63.41,62.81,63.19,57.85,8015900,0.0,0
2017-03-28,63.2,63.4,62.88,63.34,57.99,10185000,0.0,0
2017-03-29,63.67,64.11,63.46,63.64,58.26,8135300,0.0,0
2017-03-30,63.5,63.68,63.32,63.45,58.09,5322000,0.0,0
2017-03-31,63.26,63.63,63.25,63.54,58.17,7614000,0.0,0
2017-04-03,63.43,63.71,63.22,63.47,58.11,6643600,0.0,0
2017-04-04,63.59,63.77,63.37,63.67,58.29,6345600,0.0,0
2017-04-05,63.69,64.15,63.51,63.57,58.2,7713300,0.0,0
2017-04-06,63.48,63.97,63.19,63.24,57.9,7552600,0.0,0
2017-04-07,63.28,63.33,62.95,63.13,57.79,7721100,0.0,0
2017-04-10,63.27,63.33,62.53,62.55,57.26,7247700,0.0,0
2017-04-11,62.49,62.76,62.18,62.58,57.29,6544800,0.0,0
2017-04-12,62.37,63.21,62.28,63.05,57.72,9509200,0.0,0
2017-04-13,62.79,63.0,62.56,62.61,57.32,5932500,0.0,0
2017-04-17,62.71,62.84,62.39,62.8,57.49,5334200,0.0,0
2017-04-18,62.46,62.46,61.99,62.27,57.01,7394500,0.0,0
2017-04-19,62.26,62.64,62.0,62.64,57.35,10349100,0.0,0
2017-04-20,62.66,62.75,62.25,62.55,57.26,8962300,0.0,0
2017-04-21,62.36,62.63,61.87,61.89,56.66,10498400,0.0,0
2017-04-24,62.5,62.52,62.02,62.14,56.89,8846300,0.0,0
2017-04-25,62.49,62.93,62.25,62.3,57.03,10691800,0.0,0
2017-04-26,62.63,62.88,62.43,62.7,57.4,8859300,0.0,0
2017-04-27,62.78,62.91,62.45,62.58,57.29,6603300,0.0,0
2017-04-28,62.58,62.65,62.14,62.33,57.06,9461700,0.0,0
2017-05-01,62.25,62.5,62.1,62.38,57.11,10217100,0.0,0
2017-05-02,62.51,63.24,62.31,62.7,57.4,13022500,0.0,0
2017-05-03,62.5,63.67,62.38,63.63,58.25,11429800,0.0,0
2017-05-04,63.67,63.89,63.22,63.38,58.02,8610000,0.0,0
2017-05-05,63.5,64.09,63.43,63.97,58.56,9346600,0.0,0
2017-05-08,63.91,64.51,63.83,64.01,58.6,11149500,0.0,0
2017-05-09,64.18,64.27,63.16,63.29,57.94,10222300,0.0,0
2017-05-10,63.13,63.95,63.09,63.94,58.54,9631800,0.0,0
2017-05-11,64.75,65.25,64.31,64.43,58.98,18515900,0.0,0
2017-05-12,64.39,64.67,63.27,63.57,58.2,10342100,0.0,0
2017-05-15,63.42,63.6,63.34,63.51,58.14,8311400,0.0,0
2017-05-16,63.44,63.87,63.14,63.79,58.4,7870700,0.0,0
2017-05-17,63.79,63.79,62.88,63.0,57.68,7916900,0.0,0
2017-05-18,62.91,64.5,62.91,63.89,58.49,11954500,0.0,0
2017-05-19,64.04,64.04,63.5,63.78,58.39,9293700,0.0,0
2017-05-22,63.7,64.44,63.57,64.04,58.63,6226500,0.0,0
2017-05-23,64.0,64.59,64.0,64.55,59.09,5734600,0.0,0
2017-05-24,64.77,65.2,64.54,64.93,59.44,6955400,0.0,0
2017-05-25,64.96,65.12,64.66,65.04,59.54,7095900,0.0,0
2017-05-26,65.0,65.21,64.82,64.92,59.43,3685700,0.0,0
2017-05-30,64.72,65.14,64.53,64.88,59.4,4885600,0.0,0
2017-05-31,65.08,65.49,65.03,65.11,59.61,7788300,0.0,0
2017-06-01,65.09,65.26,64.86,65.26,59.74,7560500,0.0,0
2017-06-02,65.46,65.58,65.18,65.47,59.94,6298600,0.0,0
2017-06-05,65.35,65.39,64.7,65.07,59.57,5968500,0.0,0
2017-06-06,65.0,65.04,64.46,64.67,59.2,7841800,0.0,0
2017-06-07,64.6,64.65,64.0,64.06,58.65,7606600,0.0,0
2017-06-08,64.06,64.25,62.83,63.2,57.86,18522000,0.0,0
2017-06-09,63.2,64.44,63.14,64.39,58.95,10750400,0.0,0
2017-06-12,64.39,64.68,64.2,64.39,58.95,9400300,0.0,0
2017-06-13,63.73,63.84,63.03,63.27,58.35,12053000,0.47,0
2017-06-14,63.02,63.64,63.02,63.37,58.44,10338600,0.0,0
2017-06-15,63.3,63.44,62.88,63.19,58.28,7866800,0.0,0
2017-06-16,63.26,63.71,62.69,62.97,58.07,14902000,0.0,0
2017-06-19,63.09,63.81,63.02,63.68,58.73,8426900,0.0,0
2017-06-20,63.68,64.96,63.58,64.53,59.51,10263000,0.0,0
2017-06-21,64.56,65.6,64.56,65.46,60.37,11145000,0.0,0
2017-06-22,65.51,66.37,65.38,66.02,60.88,13441900,0.0,0
2017-06-23,66.04,66.39,65.84,66.16,61.01,14093500,0.0,0
2017-06-26,66.15,66.4,65.83,65.92,60.79,7576400,0.0,0
2017-06-27,66.27,66.27,65.54,65.54,60.44,8121600,0.0,0
2017-06-28,65.76,65.9,65.14,65.16,60.09,6733300,0.0,0
2017-06-29,65.01,65.08,64.09,64.34,59.34,8350300,0.0,0
2017-06-30,64.49,64.73,64.0,64.09,59.11,8360900,0.0,0
2017-07-03,63.85,64.63,63.85,64.27,59.27,4671400,0.0,0
2017-07-05,64.47,64.8,63.92,64.16,59.17,6507800,0.0,0
2017-07-06,63.77,63.91,62.99,63.1,58.19,11342700,0.0,0
2017-07-07,63.21,63.34,62.81,63.16,58.25,7243400,0.0,0
2017-07-10,63.39,63.4,62.61,62.83,57.94,6713800,0.0,0
2017-07-11,62.82,62.98,62.24,62.34,57.49,6877500,0.0,0
2017-07-12,62.66,63.13,62.66,62.78,57.9,8216000,0.0,0
2017-07-13,62.79,62.99,62.28,62.89,58.0,6799200,0.0,0
2017-07-14,62.93,63.4,62.86,63.06,58.16,6020900,0.0,0
2017-07-17,63.15,63.31,62.53,62.61,57.74,7387300,0.0,0
2017-07-18,62.5,62.63,62.27,62.41,57.56,6114900,0.0,0
2017-07-19,62.5,62.83,62.44,62.62,57.75,5699100,0.0,0
2017-07-20,62.91,63.24,62.86,62.94,58.04,6655100,0.0,0
2017-07-21,62.79,63.0,62.58,62.63,57.76,6906400,0.0,0
2017-07-24,62.54,62.9,62.5,62.57,57.7,7783700,0.0,0
2017-07-25,62.85,63.0,62.25,62.36,57.51,5955900,0.0,0
2017-07-26,62.31,62.34,61.72,61.8,56.99,9366700,0.0,0
2017-07-27,63.67,64.55,62.8,63.69,58.74,21846300,0.0,0
2017-07-28,63.81,64.36,63.22,64.11,59.12,13342100,0.0,0
2017-07-31,64.25,64.31,63.51,63.88,58.91,11714900,0.0,0
2017-08-01,64.04,64.27,63.77,63.92,58.95,6490900,0.0,0
2017-08-02,63.95,63.96,63.17,63.44,58.51,7034900,0.0,0
2017-08-03,63.21,63.73,63.18,63.52,58.58,7018800,0.0,0
2017-08-04,63.63,63.69,62.94,63.1,58.19,5341000,0.0,0
2017-08-07,62.95,63.09,62.66,62.84,57.95,6696800,0.0,0
2017-08-08,62.54,62.72,62.2,62.32,57.47,7680100,0.0,0
2017-08-09,62.45,62.72,62.22,62.49,57.63,6552300,0.0,0
2017-08-10,62.37,62.58,62.17,62.18,57.34,7765100,0.0,0
2017-08-11,62.42,62.96,62.26,62.38,57.53,6051000,0.0,0
2017-08-14,62.91,63.0,62.59,62.67,57.8,5507500,0.0,0
2017-08-15,62.73,63.03,62.49,62.5,57.64,6316000,0.0,0
2017-08-16,62.43,62.93,62.33,62.7,57.82,6061200,0.0,0
2017-08-17,62.75,63.02,61.81,61.84,57.03,9150100,0.0,0
2017-08-18,61.77,61.82,61.16,61.49,56.71,8421700,0.0,0
2017-08-21,61.48,62.04,61.43,61.97,57.15,7197200,0.0,0
2017-08-22,61.97,62.5,61.92,62.42,57.56,5515200,0.0,0
2017-08-23,62.25,62.6,62.15,62.15,57.32,6434900,0.0,0
2017-08-24,62.25,62.91,62.19,62.71,57.83,7750100,0.0,0
2017-08-25,62.87,63.29,62.77,62.94,58.04,5274900,0.0,0
2017-08-28,63.11,63.46,62.98,63.32,58.39,7498200,0.0,0
2017-08-29,63.13,63.21,62.72,63.12,58.21,6564700,0.0,0
2017-08-30,63.14,63.17,62.9,63.12,58.21,5022500,0.0,0
2017-08-31,63.35,63.92,62.95,63.86,58.89,12903000,0.0,0
2017-09-01,63.79,64.1,63.6,63.83,58.87,6185100,0.0,0
2017-09-05,63.75,64.11,63.46,63.62,58.67,7236200,0.0,0
2017-09-06,63.89,64.33,63.77,64.0,59.02,7148700,0.0,0
2017-09-07,64.09,64.42,63.79,64.32,59.32,6856400,0.0,0
2017-09-08,63.99,64.53,63.94,64.27,59.27,7365800,0.0,0
2017-09-11,64.94,65.31,64.68,65.13,60.06,10291600,0.0,0
2017-09-12,65.12,65.62,65.12,65.46,60.37,7354200,0.0,0
2017-09-13,65.36,65.55,65.3,65.45,60.36,5628700,0.0,0
2017-09-14,64.99,66.17,64.91,66.12,61.42,9959100,0.47,0
2017-09-15,66.17,66.38,65.75,66.16,61.46,14685800,0.0,0
2017-09-18,66.02,66.41,65.81,65.99,61.3,10543200,0.0,0
2017-09-19,66.02,66.16,65.68,65.95,61.26,7009300,0.0,0
2017-09-20,66.07,66.31,65.19,65.79,61.11,9450000,0.0,0
2017-09-21,65.85,65.93,65.52,65.6,60.94,5968700,0.0,0
2017-09-22,65.63,65.7,65.07,65.13,60.5,7465900,0.0,0
2017-09-25,65.16,65.4,65.04,65.18,60.55,5573400,0.0,0
2017-09-26,65.1,65.32,64.72,64.76,60.15,6976200,0.0,0
2017-09-27,64.68,64.75,64.32,64.57,59.98,6691900,0.0,0
2017-09-28,64.27,64.66,64.17,64.29,59.72,7022800,0.0,0
2017-09-29,64.29,64.53,63.33,64.03,59.48,11449600,0.0,0
2017-10-02,64.21,64.68,63.89,64.55,59.96,6743400,0.0,0
2017-10-03,64.55,64.58,63.78,64.37,59.79,6507100,0.0,0
2017-10-04,64.42,64.62,64.33,64.6,60.01,6414700,0.0,0
2017-10-05,64.42,64.8,64.33,64.6,60.01,9150000,0.0,0
2017-10-06,64.7,64.9,64.37,64.55,59.96,7488400,0.0,0
2017-10-09,64.67,64.74,64.12,64.33,59.76,5451300,0.0,0
2017-10-10,64.31,64.47,64.19,64.46,59.88,4921000,0.0,0
2017-10-11,64.34,64.34,63.78,63.78,59.24,10101600,0.0,0
2017-10-12,63.79,63.98,63.56,63.83,59.29,6158500,0.0,0
2017-10-13,63.95,64.16,63.38,63.39,58.88,7341400,0.0,0
2017-10-16,63.49,63.73,63.26,63.34,58.84,7449200,0.0,0
2017-10-17,63.21,63.31,62.88,63.22,58.72,7028500,0.0,0
2017-10-18,64.09,64.11,63.41,63.51,58.99,7886900,0.0,0
2017-10-19,63.64,64.03,63.59,63.75,59.22,10071200,0.0,0
2017-10-20,63.85,63.99,63.57,63.88,59.34,10304200,0.0,0
2017-10-23,64.03,64.52,63.3,63.4,58.89,11582000,0.0,0
2017-10-24,63.31,63.31,62.37,63.11,58.62,10221100,0.0,0
2017-10-25,63.1,63.13,62.33,62.45,58.01,11016700,0.0,0
2017-10-26,62.29,62.69,61.81,61.99,57.58,10744300,0.0,0
2017-10-27,60.55,60.55,57.82,58.24,54.1,29561300,0.0,0
2017-10-30,55.75,56.05,54.41,54.71,50.82,38989400,0.0,0
2017-10-31,55.17,55.79,55.03,55.09,51.17,18429200,0.0,0
2017-11-01,55.54,55.8,55.28,55.34,51.4,16418400,0.0,0
2017-11-02,55.48,55.57,55.04,55.37,51.43,12318500,0.0,0
2017-11-03,55.3,56.28,55.19,56.06,52.07,9810800,0.0,0
2017-11-06,56.04,56.18,55.6,55.88,51.91,8718500,0.0,0
2017-11-07,55.88,56.19,55.38,55.59,51.64,14321100,0.0,0
2017-11-08,55.5,56.72,55.46,56.58,52.56,15132900,0.0,0
2017-11-09,56.55,56.66,55.62,56.21,52.21,14140100,0.0,0
2017-11-10,56.29,56.29,55.15,55.48,51.53,16743900,0.0,0
2017-11-13,55.31,55.52,55.06,55.1,51.18,13488300,0.0,0
2017-11-14,54.97,55.18,54.75,54.99,51.08,12705800,0.0,0
2017-11-15,54.76,55.1,54.4,54.8,50.9,11727400,0.0,0
2017-11-16,54.86,55.37,54.75,55.17,51.25,11996300,0.0,0
2017-11-17,55.0,55.43,54.75,55.2,51.27,9884100,0.0,0
2017-11-20,54.04,54.39,53.63,54.1,50.25,17178700,0.0,0
2017-11-21,54.36,54.85,54.18,54.27,50.41,13711300,0.0,0
2017-11-22,54.23,54.57,54.17,54.37,50.5,7376200,0.0,0
2017-11-24,54.5,54.63,54.11,54.35,50.49,4341300,0.0,0
2017-11-27,54.41,54.6,54.2,54.55,50.67,10100100,0.0,0
2017-11-28,54.93,55.13,54.41,54.93,51.02,12830900,0.0,0
2017-11-29,55.04,55.65,54.93,55.36,51.42,10477600,0.0,0
2017-11-30,55.19,55.89,55.03,55.27,51.34,15400400,0.0,0
2017-12-01,55.4,55.98,55.22,55.87,51.9,12092400,0.0,0
2017-12-04,55.93,56.71,55.87,56.22,52.22,13440000,0.0,0
2017-12-05,56.15,56.51,55.72,55.77,51.8,11837200,0.0,0
2017-12-06,54.44,55.93,54.19,54.35,50.49,20245900,0.0,0
2017-12-07,54.85,55.84,54.68,54.77,50.88,16460500,0.0,0
2017-12-08,55.31,55.57,54.66,55.57,51.62,10423400,0.0,0
2017-12-11,56.34,56.64,55.56,56.34,52.33,9770200,0.0,0
2017-12-12,56.87,57.17,56.63,57.07,53.01,13792700,0.0,0
2017-12-13,56.94,57.37,56.65,56.91,52.86,13342500,0.0,0
2017-12-14,56.4,56.74,55.96,56.01,52.47,10137300,0.48,0
2017-12-15,56.23,56.37,55.75,56.24,52.69,22580700,0.0,0
2017-12-18,56.38,56.69,56.2,56.22,52.67,11595000,0.0,0
2017-12-19,56.22,56.62,56.01,56.23,52.68,9467100,0.0,0
2017-12-20,56.28,56.49,55.98,56.11,52.56,13135900,0.0,0
2017-12-21,56.08,56.8,56.08,56.6,53.02,9961800,0.0,0
2017-12-22,56.6,56.83,56.13,56.36,52.8,11346000,0.0,0
2017-12-26,56.49,56.6,56.27,56.34,52.78,4405300,0.0,0
2017-12-27,56.39,56.63,56.26,56.34,52.78,5660300,0.0,0
2017-12-28,56.34,56.8,56.3,56.6,53.02,5783500,0.0,0
2017-12-29,56.83,56.99,56.27,56.27,52.71,8436600,0.0,0
2018-01-02,56.59,56.75,56.05,56.22,52.67,10073000,0.0,0
2018-01-03,56.23,56.26,55.96,56.14,52.59,10582500,0.0,0
2018-01-04,56.44,57.42,56.38,57.05,53.44,15030200,0.0,0
2018-01-05,57.39,57.39,56.59,56.99,53.39,9499100,0.0,0
2018-01-08,57.21,57.25,56.5,56.66,53.08,11109300,0.0,0
2018-01-09,56.81,57.1,56.57,56.8,53.21,10631700,0.0,0
2018-01-10,56.55,57.37,56.46,57.3,53.68,9062400,0.0,0
2018-01-11,57.3,57.61,57.16,57.6,53.96,7106300,0.0,0
2018-01-12,57.95,58.81,57.89,58.66,54.95,12343100,0.0,0
2018-01-16,61.75,63.78,61.25,62.07,58.15,48091300,0.0,0
2018-01-17,62.29,62.59,61.89,62.03,58.11,21889900,0.0,0
2018-01-18,62.0,62.12,60.63,61.13,57.27,19905800,0.0,0
2018-01-19,61.48,61.48,60.64,61.28,57.41,12161900,0.0,0
2018-01-22,60.95,61.44,60.72,61.25,57.38,12247500,0.0,0
2018-01-23,61.03,62.13,60.87,61.7,57.8,11181500,0.0,0
2018-01-24,62.01,62.11,60.96,61.18,57.31,13482100,0.0,0
2018-01-25,61.3,61.38,60.95,61.3,57.43,9402300,0.0,0
2018-01-26,61.49,62.08,61.34,62.04,58.12,10553700,0.0,0
2018-01-29,61.95,62.14,61.56,61.63,57.73,8776900,0.0,0
2018-01-30,60.79,61.25,60.44,60.65,56.82,13040700,0.0,0
2018-01-31,60.77,60.8,58.9,59.25,55.5,14869000,0.0,0
2018-02-01,59.17,60.34,59.07,59.86,56.08,13368000,0.0,0
2018-02-02,59.41,59.97,58.28,58.56,54.86,12264100,0.0,0
2018-02-05,58.27,58.95,55.82,56.4,52.84,19605700,0.0,0
2018-02-06,55.14,56.77,54.33,55.46,51.95,31006200,0.0,0
2018-02-07,55.17,56.71,55.09,55.88,52.35,13692500,0.0,0
2018-02-08,56.04,56.46,54.71,54.73,51.27,20870000,0.0,0
2018-02-09,55.15,55.41,53.36,54.87,51.4,18580500,0.0,0
2018-02-12,55.35,55.89,54.96,55.43,51.93,12652200,0.0,0
2018-02-13,55.23,55.37,54.77,54.9,51.43,17039400,0.0,0
2018-02-14,54.31,55.1,54.22,54.9,51.43,11446700,0.0,0
2018-02-15,55.43,55.99,54.83,55.99,52.45,10099900,0.0,0
2018-02-16,55.97,56.99,55.92,56.29,52.73,11731300,0.0,0
2018-02-20,56.12,56.14,54.95,54.98,51.5,13467000,0.0,0
2018-02-21,55.03,55.44,54.55,54.55,51.1,10729900,0.0,0
2018-02-22,54.6,55.07,54.42,54.57,51.12,10815800,0.0,0
2018-02-23,54.82,55.0,54.57,54.87,51.4,9064100,0.0,0
2018-02-26,55.0,56.19,55.0,56.06,52.52,12142200,0.0,0
2018-02-27,55.91,55.96,54.7,54.72,51.26,9288600,0.0,0
2018-02-28,55.06,55.17,54.21,54.22,50.79,11266800,0.0,0
2018-03-01,54.26,54.81,53.42,53.7,50.31,13023400,0.0,0
2018-03-02,53.48,54.43,53.12,54.36,50.92,8927200,0.0,0
2018-03-05,54.24,54.71,54.08,54.4,50.96,13114100,0.0,0
2018-03-06,54.49,54.71,53.82,54.3,50.87,9271900,0.0,0
2018-03-07,53.84,54.58,53.75,54.47,51.03,12230500,0.0,0
2018-03-08,54.52,54.82,54.36,54.76,51.3,7352100,0.0,0
2018-03-09,55.03,55.19,54.7,55.14,51.65,8816800,0.0,0
2018-03-12,55.73,56.13,55.24,55.36,51.86,10752900,0.0,0
2018-03-13,55.74,55.75,55.0,55.37,51.87,11710000,0.0,0
2018-03-14,55.27,55.43,54.31,54.8,51.79,11156700,0.48,0
2018-03-15,54.95,55.73,54.89,55.25,52.21,10076600,0.0,0
2018-03-16,55.19,55.85,55.08,55.67,52.61,21002500,0.0,0
2018-03-19,55.66,55.68,54.24,54.63,51.62,11824200,0.0,0
2018-03-20,54.75,54.94,54.36,54.64,51.63,7780000,0.0,0
2018-03-21,54.76,55.28,54.42,54.69,51.68,10009300,0.0,0
2018-03-22,54.24,54.98,54.03,54.12,51.14,12774800,0.0,0
2018-03-23,54.32,54.71,53.34,53.41,50.47,11840300,0.0,0
2018-03-26,54.05,54.16,52.97,54.04,51.07,9970200,0.0,0
2018-03-27,53.99,54.56,53.47,53.75,50.79,16179900,0.0,0
2018-03-28,54.05,55.34,54.02,55.09,52.06,12693500,0.0,0
2018-03-29,55.36,55.41,54.47,54.47,51.47,9750500,0.0,0
2018-04-02,54.4,54.65,52.96,53.27,50.34,13398000,0.0,0
2018-04-03,53.34,54.15,52.83,54.09,51.11,9244600,0.0,0
2018-04-04,53.47,54.69,53.4,54.54,51.54,8902700,0.0,0
2018-04-05,55.06,55.38,54.44,54.53,51.53,12475800,0.0,0
2018-04-06,54.28,54.58,52.9,53.36,50.42,12500800,0.0,0
2018-04-09,55.0,57.42,54.56,56.16,53.07,23237000,0.0,0
2018-04-10,56.68,56.79,56.04,56.49,53.38,12864400,0.0,0
2018-04-11,56.06,56.54,55.89,56.2,53.11,9013200,0.0,0
2018-04-12,56.6,57.19,56.14,56.74,53.62,11938900,0.0,0
2018-04-13,57.08,57.33,56.64,57.17,54.02,10053700,0.0,0
2018-04-16,57.77,59.25,57.17,58.65,55.42,22545800,0.0,0
2018-04-17,59.84,59.96,58.96,59.27,56.01,15334400,0.0,0
2018-04-18,59.41,59.62,58.59,58.92,55.68,11240200,0.0,0
2018-04-19,58.92,59.32,58.42,58.64,55.41,10535500,0.0,0
2018-04-20,58.86,59.27,58.66,58.83,55.59,9646900,0.0,0
2018-04-23,60.05,60.62,59.43,60.25,56.94,19816400,0.0,0
2018-04-24,60.41,61.0,59.77,60.09,56.78,13334900,0.0,0
2018-04-25,59.9,59.92,58.93,59.63,56.35,13413200,0.0,0
2018-04-26,59.82,60.09,59.11,59.41,56.14,13500100,0.0,0
2018-04-27,59.34,59.65,59.31,59.47,56.2,7666100,0.0,0
2018-04-30,59.65,59.98,58.87,58.87,55.63,13101400,0.0,0
2018-05-01,59.0,59.24,56.88,57.98,54.79,13126700,0.0,0
2018-05-02,57.68,58.0,57.02,57.3,54.15,10421600,0.0,0
2018-05-03,57.14,57.8,56.37,57.53,54.36,11321500,0.0,0
2018-05-04,57.12,57.91,56.83,57.75,54.57,8730900,0.0,0
2018-05-07,57.77,58.1,57.08,57.38,54.22,10032400,0.0,0
2018-05-08,57.37,57.42,56.26,56.76,53.64,10257200,0.0,0
2018-05-09,56.97,58.41,56.83,57.95,54.76,8286300,0.0,0
2018-05-10,58.13,58.73,57.93,58.06,54.87,8229100,0.0,0
2018-05-11,58.16,59.97,58.13,59.69,56.41,12733300,0.0,0
2018-05-14,59.77,60.08,59.43,59.68,56.4,9486700,0.0,0
2018-05-15,59.44,59.8,58.9,59.2,55.94,6821500,0.0,0
2018-05-16,59.32,60.01,59.11,59.75,56.46,8531700,0.0,0
2018-05-17,59.54,59.78,58.88,59.07,55.82,7845800,0.0,0
2018-05-18,58.96,59.46,57.49,59.14,55.89,9686300,0.0,0
2018-05-21,59.18,59.32,58.39,58.57,55.35,8475400,0.0,0
2018-05-22,58.78,59.14,58.4,58.45,55.23,8928500,0.0,0
2018-05-23,58.45,59.49,58.43,59.17,55.91,9900400,0.0,0
2018-05-24,59.25,59.41,58.81,59.13,55.88,6928800,0.0,0
2018-05-25,59.14,59.46,58.84,59.09,55.84,6665400,0.0,0
2018-05-29,58.58,58.89,58.03,58.4,55.19,8805600,0.0,0
2018-05-30,58.65,59.8,58.52,59.72,56.43,11042000,0.0,0
2018-05-31,59.63,59.88,59.31,59.53,56.25,12200400,0.0,0
2018-06-01,59.89,60.81,59.62,60.56,57.23,11027600,0.0,0
2018-06-04,61.55,62.53,61.18,62.02,58.61,19475700,0.0,0
2018-06-05,62.0,62.33,61.06,61.39,58.01,12498300,0.0,0
2018-06-06,61.51,61.94,61.22,61.93,58.52,7549800,0.0,0
2018-06-07,62.0,62.04,61.51,61.99,58.58,7548600,0.0,0
2018-06-08,62.01,62.65,61.97,62.58,59.14,9678200,0.0,0
2018-06-11,62.77,62.86,62.08,62.33,58.9,7197200,0.0,0
2018-06-12,62.37,62.61,62.01,62.44,59.0,7927700,0.0,0
2018-06-13,62.57,62.96,62.35,62.59,59.15,9421500,0.0,0
2018-06-14,62.07,62.38,61.22,61.56,58.62,11954400,0.48,0
2018-06-15,61.59,62.1,61.22,62.03,59.07,16456600,0.0,0
2018-06-18,61.35,61.36,60.59,60.99,58.08,9532700,0.0,0
2018-06-19,60.65,61.31,60.63,61.03,58.12,10020600,0.0,0
2018-06-20,61.06,61.48,60.79,61.28,58.36,12172800,0.0,0
2018-06-21,61.27,61.27,60.81,61.18,58.26,8908900,0.0,0
2018-06-22,61.28,61.92,61.22,61.47,58.54,12295800,0.0,0
2018-06-25,61.41,61.62,60.64,61.08,58.17,10550800,0.0,0
2018-06-26,60.83,61.02,60.61,60.72,57.82,11996100,0.0,0
2018-06-27,60.7,61.08,59.8,59.88,57.02,10447300,0.0,0
2018-06-28,60.11,60.75,59.99,60.3,57.42,10201900,0.0,0
2018-06-29,60.53,61.47,60.35,60.7,57.8,14271900,0.0,0
2018-07-02,60.55,60.56,59.92,60.46,57.58,9109100,0.0,0
2018-07-03,60.74,61.3,60.55,60.71,57.81,4872700,0.0,0
2018-07-05,61.4,61.96,61.09,61.64,58.7,9081200,0.0,0
2018-07-06,61.8,62.51,61.79,62.2,59.23,8151900,0.0,0
2018-07-09,62.46,62.69,62.0,62.02,59.06,8325000,0.0,0
2018-07-10,62.39,62.63,62.11,62.3,59.33,10750500,0.0,0
2018-07-11,62.14,62.2,61.59,61.9,58.95,5778000,0.0,0
2018-07-12,62.44,62.84,62.14,62.66,59.67,8038600,0.0,0
2018-07-13,62.27,63.04,62.25,62.89,59.89,7352200,0.0,0
2018-07-16,62.93,62.95,62.33,62.59,59.6,4513300,0.0,0
2018-07-17,62.53,62.81,62.46,62.53,59.55,5049700,0.0,0
2018-07-18,62.6,62.98,62.37,62.94,59.94,6341200,0.0,0
2018-07-19,62.74,62.94,62.25,62.51,59.53,7282100,0.0,0
2018-07-20,62.06,62.54,62.01,62.52,59.54,6874700,0.0,0
2018-07-23,62.57,62.78,62.51,62.69,59.7,6933600,0.0,0
2018-07-24,62.9,63.44,62.82,63.42,60.39,9476200,0.0,0
2018-07-25,63.43,64.57,63.36,64.49,61.41,10518700,0.0,0
2018-07-26,64.61,65.2,63.99,64.01,60.96,11142400,0.0,0
2018-07-27,62.45,64.02,62.38,63.49,60.46,8411600,0.0,0
2018-07-30,63.79,64.9,63.53,64.81,61.72,9665200,0.0,0
2018-07-31,64.9,66.12,64.88,65.87,62.73,15443400,0.0,0
2018-08-01,65.71,66.14,65.45,65.49,62.37,7585500,0.0,0
2018-08-02,65.3,65.43,64.87,65.22,62.11,6895400,0.0,0
2018-08-03,65.2,66.02,64.97,65.93,62.78,6997200,0.0,0
2018-08-06,66.09,66.48,65.69,66.22,63.06,8206300,0.0,0
2018-08-07,66.09,66.99,66.03,66.58,63.4,8083300,0.0,0
2018-08-08,66.51,66.99,66.15,66.69,63.51,6509300,0.0,0
2018-08-09,66.87,66.87,65.8,66.0,62.85,7151800,0.0,0
2018-08-10,65.9,66.5,65.68,66.07,62.92,7439700,0.0,0
2018-08-13,66.13,66.89,66.07,66.72,63.54,9516800,0.0,0
2018-08-14,66.61,66.95,66.26,66.46,63.29,6596000,0.0,0
2018-08-15,66.73,67.57,66.47,67.37,64.16,10891100,0.0,0
2018-08-16,67.6,69.0,67.37,68.85,65.56,18490800,0.0,0
2018-08-17,68.78,69.24,68.7,69.06,65.76,7847100,0.0,0
2018-08-20,69.0,70.22,68.93,70.17,66.82,10419300,0.0,0
2018-08-21,70.21,70.25,69.09,69.17,65.87,9814600,0.0,0
2018-08-22,69.18,69.4,68.85,69.04,65.75,5893300,0.0,0
2018-08-23,68.87,69.19,68.74,68.97,65.68,5540700,0.0,0
2018-08-24,69.0,69.25,68.77,69.04,65.75,4956200,0.0,0
2018-08-27,69.34,69.43,68.53,68.99,65.7,5083800,0.0,0
2018-08-28,68.85,68.87,68.38,68.63,65.36,5934400,0.0,0
2018-08-29,68.38,68.9,68.27,68.81,65.53,5489700,0.0,0
2018-08-30,68.66,68.94,68.35,68.54,65.27,4744600,0.0,0
2018-08-31,68.35,68.75,68.16,68.59,65.32,5743300,0.0,0
2018-09-04,68.37,68.41,67.93,67.95,64.71,5768300,0.0,0
2018-09-05,67.95,68.69,67.91,68.62,65.35,6359100,0.0,0
2018-09-06,68.97,69.54,68.82,69.38,66.07,9637400,0.0,0
2018-09-07,69.16,69.78,68.85,69.67,66.35,9515200,0.0,0
2018-09-10,70.0,70.59,69.53,69.56,66.24,7267900,0.0,0
2018-09-11,69.8,69.8,69.07,69.08,65.78,5815500,0.0,0
2018-09-12,69.4,70.02,69.12,69.86,66.53,6090000,0.0,0
2018-09-13,70.16,70.94,69.58,70.83,67.45,10258200,0.0,0
2018-09-14,70.74,70.74,69.66,69.98,67.1,7436000,0.48,0
2018-09-17,69.85,70.46,69.65,70.42,67.52,6697300,0.0,0
2018-09-18,70.41,70.9,69.9,70.42,67.52,6800400,0.0,0
2018-09-19,70.15,70.57,69.64,69.98,67.1,7944200,0.0,0
2018-09-20,70.35,70.83,70.05,70.78,67.86,6140700,0.0,0
2018-09-21,70.91,71.58,70.91,71.1,68.17,17033100,0.0,0
2018-09-24,70.92,71.3,70.63,70.78,67.86,6438800,0.0,0
2018-09-25,70.85,71.38,70.52,70.65,67.74,6460400,0.0,0
2018-09-26,70.93,71.15,70.18,70.33,67.43,6928400,0.0,0
2018-09-27,70.33,71.18,70.08,70.72,67.81,6026200,0.0,0
2018-09-28,70.72,71.2,70.65,70.94,68.02,6808800,0.0,0
2018-10-01,71.07,71.89,70.61,71.53,68.58,7628500,0.0,0
2018-10-02,71.97,72.17,71.09,71.75,68.79,10395600,0.0,0
2018-10-03,72.09,72.42,71.35,71.37,68.43,9577600,0.0,0
2018-10-04,71.12,71.36,70.46,71.22,68.28,10340700,0.0,0
2018-10-05,71.23,71.69,70.58,71.03,68.1,7433500,0.0,0
2018-10-08,70.93,71.7,70.89,71.46,68.51,8854800,0.0,0
2018-10-09,71.46,72.66,70.97,72.34,69.36,7871300,0.0,0
2018-10-10,72.48,72.89,70.39,70.45,67.55,12651900,0.0,0
2018-10-11,70.37,70.53,67.82,68.37,65.55,12874000,0.0,0
2018-10-12,68.7,70.06,68.42,69.81,66.93,10161200,0.0,0
2018-10-15,69.19,70.21,68.93,69.46,66.6,6580900,0.0,0
2018-10-16,69.85,71.31,69.75,71.22,68.28,10229000,0.0,0
2018-10-17,71.09,71.94,70.8,71.82,68.86,9344500,0.0,0
2018-10-18,72.15,72.4,71.42,72.21,69.23,12226000,0.0,0
2018-10-19,72.3,72.66,71.94,72.35,69.37,14513400,0.0,0
2018-10-22,72.97,73.49,71.85,72.57,69.58,11914300,0.0,0
2018-10-23,72.16,72.42,71.22,72.1,69.13,11561900,0.0,0
2018-10-24,71.82,72.64,70.23,70.54,67.63,14645200,0.0,0
2018-10-25,66.94,70.57,66.1,69.96,67.08,20566500,0.0,0
2018-10-26,69.77,70.78,68.88,70.4,67.5,16950600,0.0,0
2018-10-29,71.37,73.03,70.55,71.45,68.51,18839600,0.0,0
2018-10-30,71.69,72.96,71.5,72.87,69.87,18937000,0.0,0
2018-10-31,73.41,74.49,72.77,73.61,70.58,15863100,0.0,0
2018-11-01,73.8,74.04,72.67,73.12,70.11,13843500,0.0,0
2018-11-02,73.57,73.7,71.62,72.27,69.29,12898700,0.0,0
2018-11-05,71.96,73.57,70.12,73.12,70.11,12330500,0.0,0
2018-11-06,72.94,73.8,72.75,73.31,70.29,10246100,0.0,0
2018-11-07,74.1,75.33,73.84,75.08,71.99,18670500,0.0,0
2018-11-08,74.89,75.69,74.62,75.48,72.37,13010200,0.0,0
2018-11-09,75.86,75.99,74.8,74.86,71.77,14656300,0.0,0
2018-11-12,75.13,75.27,74.03,74.69,71.61,14006700,0.0,0
2018-11-13,75.22,75.27,74.01,74.61,71.53,15827700,0.0,0
2018-11-14,74.95,74.96,73.68,74.09,71.04,9481100,0.0,0
2018-11-15,73.5,74.87,73.13,74.84,71.76,11974400,0.0,0
2018-11-16,74.74,76.25,74.55,76.06,72.93,13725200,0.0,0
2018-11-19,76.22,76.61,75.59,76.35,73.2,16422400,0.0,0
2018-11-20,76.01,76.36,74.65,74.78,71.7,13587800,0.0,0
2018-11-21,74.92,75.07,74.18,74.79,71.71,9054500,0.0,0
2018-11-23,74.13,75.3,74.01,74.67,71.59,3521800,0.0,0
2018-11-26,74.99,75.75,74.79,75.44,72.33,10884600,0.0,0
2018-11-27,75.07,76.52,75.07,76.34,73.19,14623600,0.0,0
2018-11-28,76.8,77.36,76.27,77.23,74.05,12047400,0.0,0
2018-11-29,77.19,78.48,77.11,77.91,74.7,10905700,0.0,0
2018-11-30,77.84,79.49,77.72,79.34,76.07,21355600,0.0,0
2018-12-03,79.52,79.58,78.28,79.22,75.95,12579300,0.0,0
2018-12-04,79.3,80.19,78.1,78.21,74.99,14773800,0.0,0
2018-12-06,76.96,78.37,75.82,78.37,75.14,16535800,0.0,0
2018-12-07,78.22,78.3,76.1,76.72,73.56,12622900,0.0,0
2018-12-10,77.45,77.78,75.86,77.42,74.23,15423300,0.0,0
2018-12-11,77.92,78.31,76.54,77.11,73.93,13232500,0.0,0
2018-12-12,77.77,78.76,77.72,78.01,74.79,10705800,0.0,0
2018-12-13,78.25,79.08,78.0,79.01,75.75,10756200,0.0,0
2018-12-14,77.83,78.03,76.23,76.48,73.84,13259900,0.55,0
2018-12-17,75.97,76.89,74.86,75.23,72.63,15106700,0.0,0
2018-12-18,75.6,75.78,73.56,74.33,71.77,15423500,0.0,0
2018-12-19,74.68,75.25,73.07,73.77,71.23,18860300,0.0,0
2018-12-20,73.45,74.13,72.64,73.49,70.95,19390700,0.0,0
2018-12-21,72.95,74.45,72.22,72.9,70.39,36183200,0.0,0
2018-12-24,72.53,72.9,70.89,71.15,68.7,11036100,0.0,0
2018-12-26,70.97,74.03,70.97,74.0,71.45,13429400,0.0,0
2018-12-27,73.28,75.38,72.76,75.38,72.78,12955300,0.0,0
2018-12-28,75.88,76.58,74.83,75.37,72.77,12577000,0.0,0
2018-12-31,75.82,76.7,75.66,76.41,73.77,9243800,0.0,0
2019-01-02,75.29,75.99,74.6,75.59,72.98,14427600,0.0,0
2019-01-03,75.56,75.97,73.85,74.04,71.49,13273500,0.0,0
2019-01-04,74.74,76.5,74.64,76.27,73.64,14077400,0.0,0
2019-01-07,76.15,76.47,75.41,75.43,72.83,15071700,0.0,0
2019-01-08,75.87,76.21,75.29,75.99,73.37,11351800,0.0,0
2019-01-09,75.89,76.31,75.32,75.41,72.81,11370500,0.0,0
2019-01-10,75.68,75.68,73.47,74.48,71.91,18257700,0.0,0
2019-01-11,74.7,74.94,74.15,74.9,72.32,9425600,0.0,0
2019-01-14,74.29,74.44,73.1,73.37,70.84,14951800,0.0,0
2019-01-15,73.1,74.89,73.1,74.5,71.93,12502000,0.0,0
2019-01-16,74.74,75.77,74.47,74.61,72.04,14573000,0.0,0
2019-01-17,74.31,75.77,74.31,75.6,72.99,16192100,0.0,0
2019-01-18,76.14,76.33,75.47,75.87,73.25,14294600,0.0,0
2019-01-22,75.57,76.2,75.36,75.83,73.21,10084700,0.0,0
2019-01-23,75.55,75.71,74.74,75.44,72.84,13711100,0.0,0
2019-01-24,75.16,75.16,72.38,73.17,70.65,20979600,0.0,0
2019-01-25,73.82,73.84,72.12,72.95,70.43,13410400,0.0,0
2019-01-28,72.5,73.07,72.05,72.92,70.4,12764000,0.0,0
2019-01-29,72.9,73.68,72.64,73.23,70.7,11418600,0.0,0
2019-01-30,73.46,73.81,73.02,73.37,70.84,13302700,0.0,0
2019-01-31,73.15,74.82,73.11,74.43,71.86,16028300,0.0,0
2019-02-01,75.97,77.49,75.33,76.45,73.81,15211600,0.0,0
2019-02-04,75.95,76.89,75.68,76.87,74.22,11282600,0.0,0
2019-02-05,77.38,78.38,77.06,77.15,74.49,12362300,0.0,0
2019-02-06,76.84,77.72,76.63,77.39,74.72,7992100,0.0,0
2019-02-07,76.94,77.13,76.11,76.82,74.17,9218900,0.0,0
2019-02-08,76.75,77.54,76.57,77.52,74.85,8842500,0.0,0
2019-02-11,77.8,77.84,76.21,76.71,74.06,13171700,0.0,0
2019-02-12,77.29,78.93,77.11,78.52,75.81,13049700,0.0,0
2019-02-13,78.56,79.17,78.45,79.02,76.29,10477200,0.0,0
2019-02-14,79.13,79.55,78.69,78.94,76.22,8184200,0.0,0
2019-02-15,79.66,80.13,79.27,79.81,77.06,10387500,0.0,0
2019-02-19,79.79,80.13,79.08,79.24,76.51,9211400,0.0,0
2019-02-20,79.0,79.54,78.81,79.43,76.69,8581600,0.0,0
2019-02-21,79.18,80.03,79.15,79.83,77.08,7386100,0.0,0
2019-02-22,79.77,80.86,79.77,80.77,77.98,7955600,0.0,0
2019-02-25,80.86,80.99,79.99,80.38,77.61,9295100,0.0,0
2019-02-26,80.52,81.1,80.0,80.74,77.95,8519000,0.0,0
2019-02-27,80.54,81.29,80.43,80.62,77.84,7493300,0.0,0
2019-02-28,80.53,81.76,80.53,81.29,78.49,11057600,0.0,0
2019-03-01,81.76,81.93,81.17,81.65,78.83,10137600,0.0,0
2019-03-04,82.03,82.12,80.53,81.37,78.56,8132400,0.0,0
2019-03-05,81.48,82.03,81.22,81.7,78.88,8299800,0.0,0
2019-03-06,81.6,81.76,80.3,80.76,77.97,7793100,0.0,0
2019-03-07,81.03,81.11,80.04,80.45,77.67,10425100,0.0,0
2019-03-08,80.21,80.6,79.05,79.8,77.05,11179700,0.0,0
2019-03-11,80.36,81.03,80.07,80.87,78.08,8708600,0.0,0
2019-03-12,81.17,81.56,80.78,81.23,78.43,8837100,0.0,0
2019-03-13,81.61,82.01,81.19,81.6,78.79,7690600,0.0,0
2019-03-14,81.31,81.76,80.93,81.49,79.21,8139700,0.55,0
2019-03-15,81.5,81.91,80.8,81.57,79.29,16546800,0.0,0
2019-03-18,81.27,81.83,80.92,81.35,79.08,13700300,0.0,0
2019-03-19,81.54,82.0,80.96,81.91,79.62,9756100,0.0,0
2019-03-20,81.85,82.72,81.38,82.08,79.79,11349800,0.0,0
2019-03-21,82.1,83.17,81.85,82.95,80.63,9039400,0.0,0
2019-03-22,82.91,83.45,82.02,82.29,79.99,10151900,0.0,0
2019-03-25,82.07,82.75,81.92,82.35,80.05,7517800,0.0,0
2019-03-26,82.76,83.47,82.57,82.92,80.6,8819400,0.0,0
2019-03-27,82.92,83.06,81.81,82.29,79.99,9561800,0.0,0
2019-03-28,82.79,82.9,82.18,82.63,80.32,6833300,0.0,0
2019-03-29,83.0,83.3,82.71,83.17,80.85,9683200,0.0,0
2019-04-01,83.73,83.85,82.94,83.3,80.97,8416300,0.0,0
2019-04-02,83.46,83.72,82.9,83.21,80.88,5606000,0.0,0
2019-04-03,83.27,83.66,82.75,83.18,80.86,6250700,0.0,0
2019-04-04,83.01,83.2,81.21,81.85,79.56,9787900,0.0,0
2019-04-05,81.97,82.16,81.11,81.15,78.88,9851300,0.0,0
2019-04-08,80.96,81.26,80.35,80.95,78.69,10101400,0.0,0
2019-04-09,80.57,80.98,80.26,80.8,78.54,10291300,0.0,0
2019-04-10,80.86,81.32,80.65,80.82,78.56,6578500,0.0,0
2019-04-11,80.93,80.93,79.39,79.84,77.61,9933700,0.0,0
2019-04-12,80.01,80.44,79.3,79.43,77.21,9699200,0.0,0
2019-04-15,79.31,79.49,78.47,78.53,76.34,13189400,0.0,0
2019-04-16,79.23,79.29,77.42,77.56,75.39,11957300,0.0,0
2019-04-17,77.61,77.62,73.75,73.92,71.85,32615900,0.0,0
2019-04-18,73.48,74.05,72.23,73.19,71.14,31267600,0.0,0
2019-04-22,73.16,73.81,72.74,73.46,71.41,13882100,0.0,0
2019-04-23,73.7,75.25,73.4,74.6,72.52,18398400,0.0,0
2019-04-24,74.73,75.11,73.98,74.73,72.64,12193800,0.0,0
2019-04-25,74.58,76.82,74.46,76.34,74.21,13353200,0.0,0
2019-04-26,76.64,76.99,76.09,76.63,74.49,8481100,0.0,0
2019-04-29,76.59,77.18,76.48,76.78,74.63,7056600,0.0,0
2019-04-30,77.56,78.9,76.0,78.71,76.51,10752900,0.0,0
2019-05-01,78.69,79.73,78.43,78.72,76.52,14588400,0.0,0
2019-05-02,78.61,79.83,78.61,79.52,77.3,11048800,0.0,0
2019-05-03,79.54,80.14,79.25,80.0,77.76,7578800,0.0,0
2019-05-06,78.53,79.79,78.3,79.48,77.26,9452800,0.0,0
2019-05-07,78.89,79.29,77.42,77.9,75.72,10041400,0.0,0
2019-05-08,78.33,78.71,77.9,78.18,76.0,10083500,0.0,0
2019-05-09,77.68,78.51,77.24,78.33,76.14,7734600,0.0,0
2019-05-10,78.08,78.33,76.81,78.19,76.01,8613700,0.0,0
2019-05-13,76.82,77.53,76.82,77.17,75.01,9200100,0.0,0
2019-05-14,77.62,78.08,77.36,77.42,75.26,7742200,0.0,0
2019-05-15,76.87,77.88,76.8,77.55,75.38,6950900,0.0,0
2019-05-16,77.77,79.89,77.73,79.13,76.92,9456900,0.0,0
2019-05-17,78.41,79.07,77.85,78.72,76.52,7881400,0.0,0
2019-05-20,78.36,79.27,78.25,78.88,76.68,7901900,0.0,0
2019-05-21,79.08,79.73,78.53,79.5,77.28,10375700,0.0,0
2019-05-22,79.35,81.15,79.31,80.98,78.72,12873900,0.0,0
2019-05-23,80.6,81.19,80.41,81.02,78.76,9381200,0.0,0
2019-05-24,81.3,81.94,81.11,81.17,78.9,5793500,0.0,0
2019-05-28,81.38,81.94,80.23,80.26,78.02,13148600,0.0,0
2019-05-29,80.12,80.37,78.75,79.36,77.14,10762300,0.0,0
2019-05-30,79.56,79.82,79.19,79.68,77.45,7141000,0.0,0
2019-05-31,79.33,79.92,78.8,79.21,77.0,6815600,0.0,0
2019-06-03,79.65,80.92,79.52,80.26,78.02,8795900,0.0,0
2019-06-04,80.75,81.33,80.11,81.08,78.81,8939700,0.0,0
2019-06-05,81.38,82.27,81.08,81.69,79.41,9372100,0.0,0
2019-06-06,82.16,82.44,81.43,81.44,79.16,10872100,0.0,0
2019-06-07,81.82,82.88,81.82,82.46,80.16,8394500,0.0,0
2019-06-10,82.68,82.68,81.65,82.48,80.18,7191100,0.0,0
2019-06-11,82.89,83.41,82.45,82.98,80.66,7432900,0.0,0
2019-06-12,83.14,84.27,83.14,83.71,81.37,10551300,0.0,0
2019-06-13,84.06,84.18,82.53,82.9,80.58,9727100,0.0,0
2019-06-14,82.71,83.37,82.46,82.78,81.0,7624000,0.55,0
2019-06-17,82.7,83.33,82.53,83.3,81.51,6132900,0.0,0
2019-06-18,83.23,84.67,83.23,84.49,82.68,10901800,0.0,0
2019-06-19,84.25,85.56,84.21,85.36,83.53,9375400,0.0,0
2019-06-20,85.98,86.5,84.32,84.6,82.79,11918400,0.0,0
2019-06-21,84.44,84.77,83.64,84.57,82.76,14345700,0.0,0
2019-06-24,84.97,86.03,84.74,85.51,83.68,7530000,0.0,0
2019-06-25,85.55,86.26,84.81,85.24,83.41,8920700,0.0,0
2019-06-26,85.18,85.2,83.09,83.54,81.75,12027100,0.0,0
2019-06-27,83.67,84.69,83.4,83.83,82.03,11184800,0.0,0
2019-06-28,83.97,84.46,82.98,83.85,82.05,44546600,0.0,0
2019-07-01,84.33,84.93,83.89,84.75,82.93,9812700,0.0,0
2019-07-02,84.46,85.51,84.1,85.51,83.68,9906100,0.0,0
2019-07-03,86.06,87.07,85.99,86.9,85.04,6234000,0.0,0
2019-07-05,86.68,86.8,85.49,85.6,83.76,8365800,0.0,0
2019-07-08,85.01,85.5,83.5,84.04,82.24,13066100,0.0,0
2019-07-09,84.24,85.21,84.09,84.86,83.04,8101900,0.0,0
2019-07-10,84.8,85.11,84.35,84.82,83.0,5721500,0.0,0
2019-07-11,83.5,83.67,79.78,81.0,79.26,21131800,0.0,0
2019-07-12,80.85,80.9,78.63,79.73,78.02,18044500,0.0,0
2019-07-15,80.6,81.27,80.12,80.96,79.22,10422300,0.0,0
2019-07-16,81.32,81.78,80.89,81.59,79.84,8061700,0.0,0
2019-07-17,81.96,82.34,81.58,81.92,80.16,9397900,0.0,0
2019-07-18,82.41,82.96,81.6,82.69,80.92,8084600,0.0,0
2019-07-19,82.7,82.82,81.15,81.39,79.64,11501700,0.0,0
2019-07-22,81.68,81.82,81.05,81.21,79.47,6929100,0.0,0
2019-07-23,81.48,82.43,80.89,82.03,80.27,7080600,0.0,0
2019-07-24,82.0,82.31,81.12,81.75,80.0,7366600,0.0,0
2019-07-25,81.45,83.06,81.05,81.75,80.0,9227200,0.0,0
2019-07-26,81.58,81.63,80.91,81.43,79.68,7289100,0.0,0
2019-07-29,82.1,82.8,81.61,82.49,80.72,10614200,0.0,0
2019-07-30,83.99,85.17,82.82,83.27,81.48,13632600,0.0,0
2019-07-31,82.9,84.65,82.84,82.99,81.21,11873500,0.0,0
2019-08-01,83.06,84.5,82.64,83.69,81.89,10066800,0.0,0
2019-08-02,83.88,84.77,83.55,84.47,82.66,10413900,0.0,0
2019-08-05,83.85,84.34,82.16,83.12,81.34,11341200,0.0,0
2019-08-06,83.12,84.48,83.1,84.35,82.54,10520300,0.0,0
2019-08-07,84.21,84.69,82.8,84.25,82.44,10982500,0.0,0
2019-08-08,84.75,85.05,84.32,84.73,82.91,8301300,0.0,0
2019-08-09,85.1,86.11,84.71,85.52,83.69,8557500,0.0,0
2019-08-12,85.23,85.93,84.52,85.73,83.89,7096000,0.0,0
2019-08-13,85.46,86.79,85.46,86.08,84.23,8028300,0.0,0
2019-08-14,85.37,85.84,83.35,83.4,81.61,10888500,0.0,0
2019-08-15,83.52,83.85,82.89,83.46,81.67,9106500,0.0,0
2019-08-16,84.45,85.36,84.15,85.06,83.24,8736900,0.0,0
2019-08-19,85.59,86.53,85.45,86.19,84.34,7304600,0.0,0
2019-08-20,86.01,86.73,85.58,85.65,83.81,5893700,0.0,0
2019-08-21,86.29,87.25,86.13,86.91,85.05,6189000,0.0,0
2019-08-22,86.75,87.2,86.25,86.72,84.86,6287000,0.0,0
2019-08-23,86.22,86.94,84.48,84.94,83.12,10122800,0.0,0
2019-08-26,85.38,85.9,85.08,85.88,84.04,5765100,0.0,0
2019-08-27,86.42,86.92,85.45,85.52,83.69,6228100,0.0,0
2019-08-28,85.26,86.57,85.04,86.48,84.62,5877800,0.0,0
2019-08-29,87.07,87.35,86.18,86.72,84.86,6031500,0.0,0
2019-08-30,87.12,87.22,86.17,86.47,84.62,6483900,0.0,0
2019-09-03,86.24,87.01,86.04,86.65,84.79,6389200,0.0,0
2019-09-04,87.14,87.17,85.42,86.05,84.2,7507700,0.0,0
2019-09-05,86.64,86.66,85.5,86.1,84.25,7180300,0.0,0
2019-09-06,86.54,86.93,86.31,86.57,84.71,6724900,0.0,0
2019-09-09,86.5,86.52,82.92,83.47,81.68,11489300,0.0,0
2019-09-10,82.39,82.39,78.85,81.69,79.94,17259000,0.0,0
2019-09-11,81.86,83.11,81.62,82.92,81.14,10116600,0.0,0
2019-09-12,83.48,84.08,82.79,83.31,81.52,8031200,0.0,0
2019-09-13,82.97,83.57,82.12,82.61,81.38,7177000,0.55,0
2019-09-16,82.45,82.45,81.69,82.03,80.8,5907700,0.0,0
2019-09-17,82.13,83.5,82.13,82.51,81.28,7037600,0.0,0
2019-09-18,82.67,83.28,82.38,83.02,81.78,6625700,0.0,0
2019-09-19,83.02,84.3,82.88,83.97,82.71,6605700,0.0,0
2019-09-20,84.74,85.87,84.32,85.16,83.89,22548900,0.0,0
2019-09-23,84.91,85.22,84.34,84.36,83.1,8501500,0.0,0
2019-09-24,84.55,84.88,83.39,83.6,82.35,8947600,0.0,0
2019-09-25,83.47,84.03,82.95,83.1,81.86,6957000,0.0,0
2019-09-26,83.62,84.09,83.04,83.88,82.63,7733700,0.0,0
2019-09-27,83.88,83.99,82.58,82.91,81.67,7468600,0.0,0
2019-09-30,83.21,85.1,83.21,84.18,82.92,9357800,0.0,0
2019-10-01,84.18,84.6,83.54,83.61,82.36,6727100,0.0,0
2019-10-02,83.07,83.21,80.54,81.62,80.4,8361100,0.0,0
2019-10-03,81.93,82.88,81.63,82.74,81.5,5524900,0.0,0
2019-10-04,83.42,85.12,83.16,85.0,83.73,7160800,0.0,0
2019-10-07,85.03,85.11,83.95,84.39,83.13,4853200,0.0,0
2019-10-08,83.79,84.41,83.08,83.29,82.04,6122800,0.0,0
2019-10-09,84.17,84.49,83.53,84.18,82.92,4447400,0.0,0
2019-10-10,84.14,84.85,83.59,83.76,82.51,8187300,0.0,0
2019-10-11,84.3,85.44,84.26,84.34,83.08,5944300,0.0,0
2019-10-14,84.37,85.11,84.29,84.69,83.42,5260700,0.0,0
2019-10-15,84.9,85.1,84.59,85.04,83.77,4966700,0.0,0
2019-10-16,85.06,85.09,84.42,84.45,83.19,5425700,0.0,0
2019-10-17,84.42,84.65,83.74,83.8,82.55,6849700,0.0,0
2019-10-18,83.71,84.91,83.66,84.68,83.41,7522000,0.0,0
2019-10-21,84.97,85.06,84.08,84.52,83.26,5107000,0.0,0
2019-10-22,82.0,82.68,80.25,81.3,80.08,17775800,0.0,0
2019-10-23,81.29,82.87,81.16,82.87,81.63,8122100,0.0,0
2019-10-24,83.11,83.64,82.04,82.58,81.35,4993100,0.0,0
2019-10-25,82.27,82.85,82.03,82.26,81.03,7506800,0.0,0
2019-10-28,82.73,83.47,80.34,82.2,80.97,14845100,0.0,0
2019-10-29,84.05,85.77,82.7,85.1,83.83,16575100,0.0,0
2019-10-30,85.0,86.49,84.32,86.22,84.93,9567600,0.0,0
2019-10-31,86.1,86.99,85.51,86.66,85.36,11850600,0.0,0
2019-11-01,87.07,87.24,84.79,84.94,83.67,8855900,0.0,0
2019-11-04,85.59,85.7,83.88,83.9,82.65,8537400,0.0,0
2019-11-05,83.67,83.75,82.73,82.92,81.68,9482800,0.0,0
2019-11-06,83.56,83.96,83.13,83.25,82.01,9289400,0.0,0
2019-11-07,83.23,83.99,82.67,82.88,81.64,8827600,0.0,0
2019-11-08,82.91,83.71,82.71,83.59,82.34,6348400,0.0,0
2019-11-11,83.16,83.64,82.96,83.28,82.04,3554600,0.0,0
2019-11-12,83.58,84.82,83.58,84.12,82.86,8222000,0.0,0
2019-11-13,84.55,85.11,84.11,84.82,83.55,6218400,0.0,0
2019-11-14,84.92,85.18,83.7,84.55,83.29,7548900,0.0,0
2019-11-15,84.69,85.6,84.64,84.9,83.63,9232700,0.0,0
2019-11-18,84.66,84.82,83.85,84.13,82.87,10211600,0.0,0
2019-11-19,84.4,84.95,83.97,84.65,83.38,9247500,0.0,0
2019-11-20,84.53,85.48,84.45,85.27,84.0,7786400,0.0,0
2019-11-21,85.7,85.77,84.27,85.46,84.18,6866000,0.0,0
2019-11-22,85.65,86.36,85.32,85.45,84.17,7442900,0.0,0
2019-11-25,86.04,86.59,85.34,85.7,84.42,8608100,0.0,0
2019-11-26,86.0,87.44,85.91,87.34,86.03,18352500,0.0,0
2019-11-27,87.4,87.87,86.99,87.61,86.3,5760800,0.0,0
2019-11-29,87.17,87.77,87.03,87.18,85.88,4656700,0.0,0
2019-12-02,87.54,87.99,86.55,87.04,85.74,5341600,0.0,0
2019-12-03,86.68,87.47,86.5,87.38,86.07,7124200,0.0,0
2019-12-04,87.53,88.73,87.18,88.67,87.34,6959700,0.0,0
2019-12-05,88.73,88.79,87.97,88.75,87.42,7888800,0.0,0
2019-12-06,89.0,89.24,88.75,88.85,87.52,6914000,0.0,0
2019-12-09,88.9,89.0,88.2,88.72,87.39,7685900,0.0,0
2019-12-10,88.6,89.53,88.51,89.1,87.77,8266900,0.0,0
2019-12-11,89.14,89.49,88.85,88.98,87.65,6509300,0.0,0
2019-12-12,89.04,89.96,88.91,89.57,88.23,6549500,0.0,0
2019-12-13,89.2,89.59,88.44,89.19,88.46,7225000,0.61,0
2019-12-16,89.65,90.0,89.18,89.29,88.56,9880900,0.0,0
2019-12-17,89.33,89.45,88.52,89.02,88.29,11155100,0.0,0
2019-12-18,89.35,90.0,89.13,89.62,88.89,11047900,0.0,0
2019-12-19,89.89,90.09,89.49,89.99,89.25,7254500,0.0,0
2019-12-20,91.46,92.64,90.84,91.58,90.83,17032100,0.0,0
2019-12-23,91.83,92.02,91.44,91.74,90.99,7534300,0.0,0
2019-12-24,91.64,91.73,91.07,91.44,90.69,2235900,0.0,0
2019-12-26,91.6,91.72,91.07,91.34,90.59,2922400,0.0,0
2019-12-27,91.68,91.7,91.27,91.5,90.75,3586800,0.0,0
2019-12-30,91.53,91.69,90.73,91.03,90.28,3752800,0.0,0
2019-12-31,90.92,90.99,90.44,90.95,90.2,4495000,0.0,0
2020-01-02,91.08,92.14,90.37,92.04,91.29,7873500,0.0,0
2020-01-03,90.68,92.07,90.51,91.25,90.5,5633300,0.0,0
2020-01-06,91.23,91.74,90.99,91.64,90.89,7178400,0.0,0
2020-01-07,90.8,91.12,89.12,89.2,88.47,10622400,0.0,0
2020-01-08,89.09,89.5,88.41,88.6,87.87,14504300,0.0,0
2020-01-09,88.95,90.05,88.78,89.38,88.65,9269800,0.0,0
2020-01-10,89.72,90.11,89.45,89.53,88.8,5673000,0.0,0
2020-01-13,89.52,89.63,89.02,89.51,88.78,9791500,0.0,0
2020-01-14,89.27,89.93,88.87,89.93,89.19,8230600,0.0,0
2020-01-15,90.1,91.61,90.09,91.54,90.79,9173700,0.0,0
2020-01-16,91.86,92.06,91.05,91.18,90.43,6920300,0.0,0
2020-01-17,91.28,91.63,90.86,90.97,90.22,9667200,0.0,0
2020-01-21,90.72,90.97,89.71,89.97,89.23,9563100,0.0,0
2020-01-22,90.17,90.46,89.62,89.65,88.92,7443200,0.0,0
2020-01-23,89.66,89.66,88.26,88.56,87.83,12593600,0.0,0
2020-01-24,88.63,88.83,85.58,85.98,85.28,14270000,0.0,0
2020-01-27,85.1,86.51,84.71,86.1,85.39,10350700,0.0,0
2020-01-28,86.44,86.71,85.9,86.25,85.54,9061400,0.0,0
2020-01-29,86.6,88.16,86.43,87.24,86.53,8121400,0.0,0
2020-01-30,86.95,87.13,86.2,86.5,85.79,10511900,0.0,0
2020-01-31,86.38,86.67,85.0,85.44,84.74,9180900,0.0,0
2020-02-03,86.04,88.22,86.04,87.34,86.62,9286100,0.0,0
2020-02-04,88.43,89.2,88.06,88.36,87.64,14400100,0.0,0
2020-02-05,84.68,86.74,84.0,85.83,85.13,27948600,0.0,0
2020-02-06,86.02,86.23,85.26,85.68,84.98,15372300,0.0,0
2020-02-07,85.89,85.94,84.83,85.08,84.38,10896400,0.0,0
2020-02-10,85.08,85.98,84.94,85.66,84.96,10105900,0.0,0
2020-02-11,85.86,86.0,84.95,85.25,84.55,9783100,0.0,0
2020-02-12,85.04,85.23,82.9,83.25,82.57,18731800,0.0,0
2020-02-13,82.93,82.93,81.45,81.97,81.3,18500700,0.0,0
2020-02-14,82.23,82.8,81.67,82.65,81.97,8343000,0.0,0
2020-02-18,82.88,83.11,82.26,82.46,81.78,9558500,0.0,0
2020-02-19,83.08,83.11,81.57,82.0,81.33,11202500,0.0,0
2020-02-20,82.22,82.83,81.72,82.49,81.81,10440200,0.0,0
2020-02-21,82.19,82.63,81.71,82.34,81.67,8870200,0.0,0
2020-02-24,80.61,82.59,80.57,81.33,80.66,13105100,0.0,0
2020-02-25,81.53,81.94,79.85,80.27,79.61,12568400,0.0,0
2020-02-26,80.66,81.63,79.77,79.94,79.29,11393400,0.0,0
2020-02-27,80.71,81.75,78.0,78.08,77.44,15013600,0.0,0
2020-02-28,76.68,77.49,74.18,76.56,75.93,27922000,0.0,0
2020-03-02,77.13,81.55,77.08,81.37,80.7,17977600,0.0,0
2020-03-03,81.4,82.4,77.91,79.13,78.48,16597900,0.0,0
2020-03-04,81.5,83.07,79.88,82.97,82.29,19297900,0.0,0
2020-03-05,81.53,82.77,80.94,81.58,80.91,14330000,0.0,0
2020-03-06,79.97,82.62,79.43,82.2,81.53,13557800,0.0,0
2020-03-09,78.0,80.72,76.99,78.96,78.31,18075200,0.0,0
2020-03-10,80.48,82.18,77.5,82.02,81.35,16724700,0.0,0
2020-03-11,79.83,80.16,78.03,79.25,78.6,13620400,0.0,0
2020-03-12,74.4,78.06,73.26,74.45,73.84,21626700,0.0,0
2020-03-13,76.22,77.23,72.26,76.75,76.75,24672800,0.61,0
2020-03-16,70.77,76.09,67.12,69.92,69.92,19855300,0.0,0
2020-03-17,71.65,76.07,71.38,74.48,74.48,23612400,0.0,0
2020-03-18,71.45,74.66,68.83,71.63,71.63,17708500,0.0,0
2020-03-19,71.35,72.86,68.91,70.73,70.73,18386200,0.0,0
2020-03-20,69.55,72.5,68.5,71.36,71.36,22019000,0.0,0
2020-03-23,70.27,71.61,65.25,66.4,66.4,17533400,0.0,0
2020-03-24,68.99,69.75,67.19,69.05,69.05,18990400,0.0,0
2020-03-25,68.41,70.38,66.75,68.22,68.22,17472800,0.0,0
2020-03-26,68.14,74.18,68.1,73.53,73.53,17226000,0.0,0
2020-03-27,71.8,73.43,71.25,71.73,71.73,11896200,0.0,0
2020-03-30,73.62,77.59,72.88,76.95,76.95,15079500,0.0,0
2020-03-31,76.25,77.6,75.52,76.94,76.94,14389000,0.0,0
2020-04-01,74.66,75.47,72.99,73.8,73.8,11131000,0.0,0
2020-04-02,75.98,77.12,74.03,76.87,76.87,12255100,0.0,0
2020-04-03,76.28,77.44,75.32,76.25,76.25,9579400,0.0,0
2020-04-06,78.33,80.85,77.9,80.31,80.31,13658500,0.0,0
2020-04-07,81.68,81.97,78.4,78.56,78.56,10169800,0.0,0
2020-04-08,79.18,83.0,78.34,81.62,81.62,10956000,0.0,0
2020-04-09,81.17,83.29,80.18,82.49,82.49,13241600,0.0,0
2020-04-13,81.82,82.47,79.83,80.54,80.54,7353700,0.0,0
2020-04-14,82.33,83.2,80.73,82.84,82.84,11598600,0.0,0
2020-04-15,81.23,82.96,80.56,82.07,82.07,10314000,0.0,0
2020-04-16,82.65,83.33,82.26,83.0,83.0,8726200,0.0,0
2020-04-17,83.95,84.16,82.44,83.46,83.46,14726300,0.0,0
2020-04-20,82.82,84.13,80.76,83.1,83.1,11141000,0.0,0
2020-04-21,81.62,82.3,78.21,78.56,78.56,17057800,0.0,0
2020-04-22,79.2,80.65,78.83,79.98,79.98,11387300,0.0,0
2020-04-23,80.19,81.88,80.17,80.88,80.88,7779100,0.0,0
2020-04-24,81.6,82.1,81.02,81.43,81.43,7334400,0.0,0
